{"type":"FeatureCollection","features":[{"type":"Feature","properties":{"scopeId":"district-8301","kind":"district","code":"8301","nameTh":"อำเภอเมืองภูเก็ต","nameEn":"Mueang Phuket","bbox":[98.27176713735358,7.478452912381059,98.45625495693648,7.9740969385806375],"centroid":[98.3599776152162,7.853607111068678]},"geometry":{"type":"MultiPolygon","coordinates":[[[[98.39241,7.96885],[98.39202,7.9689],[98.39179,7.96893],[98.39157,7.96896],[98.39134,7.96898],[98.39112,7.96901],[98.39089,7.96904],[98.39067,7.96907],[98.39044,7.9691],[98.39022,7.96913],[98.38999,7.96916],[98.38977,7.9692],[98.38955,7.96923],[98.38932,7.96927],[98.3891,7.96931],[98.38887,7.96935],[98.38865,7.96939],[98.38843,7.96943],[98.3882,7.96948],[98.38798,7.96954],[98.38777,7.96959],[98.38755,7.96966],[98.38733,7.96972],[98.38711,7.96979],[98.38689,7.96985],[98.38667,7.96992],[98.38645,7.96999],[98.38623,7.97007],[98.38602,7.97015],[98.38581,7.97024],[98.38561,7.97034],[98.38541,7.97044],[98.38522,7.97056],[98.38504,7.97069],[98.38487,7.97083],[98.3847,7.97098],[98.38454,7.97114],[98.38439,7.97131],[98.38423,7.97148],[98.38408,7.97165],[98.38393,7.97183],[98.38378,7.972],[98.38363,7.97217],[98.38348,7.97234],[98.38334,7.97253],[98.38321,7.97273],[98.38307,7.97291],[98.38291,7.97306],[98.38273,7.97318],[98.38252,7.97326],[98.38229,7.97332],[98.38205,7.97335],[98.38181,7.97336],[98.38161,7.97333],[98.38144,7.9732],[98.38131,7.97298],[98.38123,7.97276],[98.38118,7.97255],[98.38114,7.97232],[98.38109,7.9721],[98.38103,7.97188],[98.38094,7.97166],[98.38083,7.97144],[98.38071,7.97123],[98.38057,7.97108],[98.38039,7.97099],[98.38015,7.97098],[98.3799,7.97102],[98.37968,7.9711],[98.37951,7.97124],[98.37937,7.97143],[98.37928,7.97166],[98.37926,7.97187],[98.37928,7.97209],[98.37934,7.97232],[98.37941,7.97254],[98.37948,7.97276],[98.37955,7.97298],[98.37965,7.97319],[98.37975,7.97339],[98.37981,7.9736],[98.3798,7.97385],[98.37971,7.97405],[98.3795,7.9741],[98.37926,7.97405],[98.37906,7.97394],[98.37888,7.9738],[98.37869,7.97366],[98.37851,7.97351],[98.37833,7.97337],[98.37814,7.97327],[98.37792,7.97328],[98.37771,7.97339],[98.37754,7.97355],[98.37739,7.97373],[98.37723,7.97388],[98.37702,7.97385],[98.37695,7.97367],[98.37702,7.97345],[98.37708,7.97323],[98.37699,7.97302],[98.3768,7.9729],[98.37659,7.97296],[98.37638,7.97307],[98.37621,7.97322],[98.37603,7.97336],[98.37579,7.9734],[98.37567,7.97324],[98.37558,7.97301],[98.37549,7.9728],[98.3754,7.9726],[98.37531,7.97239],[98.37521,7.97218],[98.37512,7.97198],[98.37501,7.97178],[98.37489,7.97159],[98.37477,7.97139],[98.37465,7.97119],[98.37452,7.971],[98.37439,7.97082],[98.37424,7.97064],[98.37409,7.97048],[98.37392,7.97035],[98.37372,7.97024],[98.3735,7.97016],[98.37328,7.97008],[98.37307,7.96999],[98.37288,7.96988],[98.37272,7.96972],[98.37258,7.96954],[98.37247,7.96934],[98.37235,7.96914],[98.37224,7.96894],[98.37213,7.96873],[98.37203,7.96851],[98.37193,7.9683],[98.37183,7.9681],[98.3717,7.96791],[98.37156,7.96777],[98.37138,7.96768],[98.37115,7.96766],[98.3709,7.96767],[98.37066,7.96768],[98.37043,7.96768],[98.3702,7.9677],[98.36997,7.96772],[98.36975,7.96774],[98.36952,7.96776],[98.36929,7.96778],[98.36906,7.96779],[98.36884,7.96779],[98.36861,7.96777],[98.3684,7.96774],[98.36818,7.96769],[98.36796,7.96762],[98.36774,7.96753],[98.36753,7.96743],[98.36733,7.96732],[98.36714,7.9672],[98.36695,7.96707],[98.36679,7.96693],[98.36663,7.96676],[98.36648,7.96659],[98.36634,7.96641],[98.3662,7.96623],[98.36605,7.96606],[98.36589,7.9659],[98.36572,7.96575],[98.36553,7.96562],[98.36533,7.9655],[98.36513,7.9654],[98.36492,7.9653],[98.36471,7.96521],[98.3645,7.96515],[98.36427,7.96511],[98.36404,7.96506],[98.36382,7.96502],[98.3636,7.96495],[98.36341,7.96485],[98.36324,7.96471],[98.3631,7.96453],[98.36296,7.96434],[98.36281,7.96416],[98.36265,7.964],[98.36249,7.96384],[98.36232,7.96367],[98.36215,7.96352],[98.36196,7.96338],[98.36177,7.96328],[98.36157,7.96321],[98.36135,7.96316],[98.36112,7.96313],[98.36088,7.96312],[98.36065,7.96312],[98.36042,7.96313],[98.3602,7.96315],[98.35999,7.96322],[98.3598,7.96336],[98.3596,7.96348],[98.3594,7.9636],[98.35919,7.96372],[98.35899,7.96382],[98.35878,7.96387],[98.35857,7.96385],[98.35835,7.96376],[98.35815,7.96364],[98.35796,7.96351],[98.35779,7.96336],[98.35762,7.96321],[98.35746,7.96304],[98.35731,7.96287],[98.35717,7.96269],[98.35703,7.96252],[98.35689,7.96234],[98.35675,7.96216],[98.35662,7.96198],[98.35648,7.96179],[98.35635,7.96161],[98.35623,7.96142],[98.3561,7.96123],[98.35597,7.96104],[98.35584,7.96086],[98.3557,7.96067],[98.35557,7.96048],[98.35544,7.96029],[98.35532,7.9601],[98.3552,7.95991],[98.3551,7.95971],[98.355,7.95951],[98.35493,7.9593],[98.35487,7.95909],[98.35482,7.95887],[98.35478,7.95864],[98.35475,7.95842],[98.35473,7.95819],[98.35472,7.95796],[98.3547,7.95773],[98.35469,7.9575],[98.35467,7.95728],[98.35466,7.95705],[98.35464,7.95682],[98.35463,7.9566],[98.35463,7.95637],[98.35462,7.95615],[98.35462,7.95592],[98.35461,7.95569],[98.35461,7.95547],[98.3546,7.95524],[98.35459,7.95501],[98.35458,7.95479],[98.35457,7.95456],[98.35455,7.95434],[98.35453,7.95411],[98.3545,7.95389],[98.35447,7.95367],[98.35444,7.95344],[98.35441,7.95322],[98.35437,7.953],[98.35433,7.95277],[98.35429,7.95255],[98.35425,7.95233],[98.35421,7.9521],[98.35416,7.95188],[98.35412,7.95166],[98.35408,7.95144],[98.35403,7.95122],[98.35399,7.95099],[98.35395,7.95077],[98.3539,7.95055],[98.35386,7.95033],[98.35382,7.9501],[98.35378,7.94988],[98.35374,7.94966],[98.3537,7.94944],[98.35366,7.94921],[98.35362,7.94899],[98.35358,7.94877],[98.35353,7.94855],[98.35349,7.94832],[98.35344,7.9481],[98.35339,7.94788],[98.35334,7.94766],[98.35328,7.94745],[98.35322,7.94723],[98.35316,7.94701],[98.35309,7.94679],[98.35302,7.94658],[98.35295,7.94636],[98.35287,7.94615],[98.35279,7.94594],[98.3527,7.94573],[98.35261,7.94552],[98.35252,7.94531],[98.35243,7.94511],[98.35233,7.94491],[98.35221,7.94471],[98.3521,7.94452],[98.35198,7.94432],[98.35186,7.94413],[98.35175,7.94393],[98.35163,7.94374],[98.35186,7.94369],[98.35209,7.94365],[98.35231,7.9436],[98.35252,7.94352],[98.3527,7.9434],[98.35288,7.94326],[98.35305,7.9431],[98.3532,7.94293],[98.35334,7.94275],[98.35347,7.94256],[98.35358,7.94237],[98.35369,7.94217],[98.35379,7.94196],[98.35388,7.94175],[98.35396,7.94154],[98.35403,7.94132],[98.3541,7.9411],[98.35414,7.94088],[98.35418,7.94066],[98.3542,7.94044],[98.35421,7.94021],[98.35422,7.93998],[98.35423,7.93975],[98.35424,7.93952],[98.35425,7.9393],[98.35428,7.93907],[98.35431,7.93885],[98.35437,7.93863],[98.35443,7.93842],[98.3545,7.93821],[98.35458,7.938],[98.35467,7.93779],[98.35476,7.93758],[98.35486,7.93737],[98.35496,7.93717],[98.35506,7.93696],[98.35516,7.93676],[98.35525,7.93655],[98.35534,7.93634],[98.35542,7.93613],[98.3555,7.93591],[98.35557,7.93569],[98.35565,7.93547],[98.35572,7.93524],[98.35579,7.93503],[98.35587,7.93481],[98.35596,7.93461],[98.35606,7.93441],[98.35618,7.93423],[98.35631,7.93406],[98.35647,7.9339],[98.35666,7.93376],[98.35686,7.93364],[98.35708,7.93354],[98.3573,7.93345],[98.35753,7.93339],[98.35774,7.93336],[98.35796,7.93336],[98.35818,7.93338],[98.3584,7.93342],[98.35863,7.93348],[98.35885,7.93355],[98.35908,7.93362],[98.3593,7.9337],[98.35951,7.93378],[98.35972,7.93385],[98.35994,7.93393],[98.36014,7.93402],[98.36035,7.93411],[98.36056,7.9342],[98.36077,7.9343],[98.36097,7.93439],[98.36118,7.93448],[98.36139,7.93457],[98.3616,7.93466],[98.36181,7.93475],[98.36202,7.93483],[98.36223,7.93492],[98.36244,7.93501],[98.36265,7.93509],[98.36286,7.93518],[98.36307,7.93526],[98.36328,7.93534],[98.36349,7.93542],[98.3637,7.9355],[98.36392,7.93558],[98.36413,7.93565],[98.36435,7.93571],[98.36457,7.93577],[98.3648,7.93582],[98.36502,7.93586],[98.36524,7.93589],[98.36547,7.9359],[98.36571,7.93586],[98.36591,7.93578],[98.36613,7.9354],[98.36629,7.93521],[98.36626,7.935],[98.36618,7.9348],[98.36609,7.9346],[98.36599,7.93439],[98.36589,7.93419],[98.36579,7.93398],[98.36568,7.93378],[98.36558,7.93357],[98.36548,7.93337],[98.36539,7.93316],[98.36531,7.93295],[98.36524,7.93273],[98.36517,7.93252],[98.36511,7.9323],[98.36505,7.93208],[98.36499,7.93186],[98.36494,7.93164],[98.36489,7.93142],[98.36483,7.9312],[98.36478,7.93098],[98.36472,7.93076],[98.36467,7.93054],[98.36462,7.93032],[98.36457,7.9301],[98.36453,7.92988],[98.36448,7.92966],[98.36444,7.92943],[98.36441,7.92921],[98.36437,7.92899],[98.36434,7.92876],[98.36431,7.92854],[98.36428,7.92831],[98.36426,7.92809],[98.36425,7.92786],[98.36424,7.92764],[98.36425,7.92741],[98.36426,7.92719],[98.36429,7.92696],[98.36432,7.92674],[98.36435,7.92651],[98.36437,7.92628],[98.36438,7.92606],[98.3644,7.92583],[98.36441,7.9256],[98.36442,7.92538],[98.36444,7.92515],[98.36445,7.92492],[98.36445,7.92469],[98.36445,7.92447],[98.36444,7.92424],[98.36442,7.92402],[98.36439,7.9238],[98.36434,7.92358],[98.36426,7.92337],[98.36417,7.92316],[98.36406,7.92295],[98.36394,7.92276],[98.36381,7.92258],[98.36366,7.9224],[98.36351,7.92224],[98.36335,7.92207],[98.36319,7.92191],[98.36303,7.92175],[98.36287,7.92159],[98.36271,7.92143],[98.36254,7.92127],[98.36237,7.92111],[98.36221,7.92095],[98.36205,7.92078],[98.36191,7.92061],[98.36178,7.92043],[98.36167,7.92024],[98.36159,7.92003],[98.36152,7.91982],[98.36146,7.91959],[98.36142,7.91936],[98.36139,7.91914],[98.36136,7.91891],[98.36135,7.91869],[98.36133,7.91846],[98.36132,7.91823],[98.36132,7.918],[98.36132,7.91778],[98.36133,7.91755],[98.36134,7.91732],[98.36137,7.9171],[98.3614,7.91687],[98.36144,7.91665],[98.36149,7.91644],[98.36155,7.91622],[98.36163,7.91601],[98.36171,7.91579],[98.36179,7.91558],[98.36188,7.91537],[98.36196,7.91516],[98.36204,7.91495],[98.36214,7.91474],[98.36225,7.91454],[98.36235,7.91434],[98.36244,7.91413],[98.3625,7.91391],[98.36255,7.91369],[98.36259,7.91347],[98.36263,7.91325],[98.36267,7.91302],[98.3627,7.9128],[98.36273,7.91257],[98.36275,7.91234],[98.36277,7.91212],[98.36278,7.91189],[98.36279,7.91167],[98.36279,7.91144],[98.36278,7.91122],[98.36276,7.91099],[98.36272,7.91077],[98.36268,7.91055],[98.36263,7.91033],[98.36257,7.91011],[98.36251,7.90989],[98.36246,7.90967],[98.36241,7.90944],[98.36236,7.90922],[98.3623,7.909],[98.36224,7.90878],[98.36218,7.90856],[98.36213,7.90834],[98.36209,7.90812],[98.36208,7.90789],[98.36208,7.90767],[98.36209,7.90745],[98.36211,7.90722],[98.36214,7.907],[98.36218,7.90677],[98.36222,7.90655],[98.36227,7.90632],[98.36233,7.9061],[98.36238,7.90588],[98.36245,7.90567],[98.36252,7.90545],[98.3626,7.90524],[98.36268,7.90503],[98.36276,7.90482],[98.36285,7.90461],[98.36293,7.9044],[98.36301,7.90419],[98.36309,7.90397],[98.36317,7.90376],[98.36324,7.90355],[98.3633,7.90333],[98.36336,7.90311],[98.36342,7.90289],[98.36347,7.90267],[98.36352,7.90245],[98.36356,7.90223],[98.36361,7.90201],[98.36365,7.90178],[98.36368,7.90156],[98.36372,7.90134],[98.36376,7.90111],[98.36379,7.90089],[98.36382,7.90066],[98.36384,7.90044],[98.36387,7.90021],[98.36388,7.89999],[98.3639,7.89976],[98.36392,7.89953],[98.36394,7.89931],[98.36395,7.89908],[98.36395,7.89885],[98.36394,7.89862],[98.36393,7.8984],[98.36389,7.89818],[98.36384,7.89796],[98.36377,7.89775],[98.36369,7.89753],[98.3636,7.89732],[98.3635,7.89712],[98.36339,7.89692],[98.36327,7.89672],[98.36314,7.89653],[98.36301,7.89635],[98.36287,7.89618],[98.36272,7.896],[98.36256,7.89583],[98.3624,7.89567],[98.36223,7.89551],[98.36206,7.89536],[98.36188,7.89522],[98.3617,7.89509],[98.36151,7.89497],[98.36132,7.89485],[98.36112,7.89474],[98.36092,7.89464],[98.36071,7.89455],[98.36051,7.89445],[98.36029,7.89436],[98.36008,7.89428],[98.35987,7.89419],[98.35966,7.89411],[98.35945,7.89403],[98.35924,7.89395],[98.35902,7.89387],[98.35881,7.8938],[98.35859,7.89373],[98.35837,7.89366],[98.35816,7.89359],[98.35794,7.89353],[98.35772,7.89347],[98.3575,7.89341],[98.35728,7.89335],[98.35706,7.8933],[98.35684,7.89326],[98.35662,7.89321],[98.35639,7.89317],[98.35617,7.89312],[98.35595,7.89307],[98.35573,7.89301],[98.35551,7.89295],[98.35529,7.89288],[98.35507,7.89282],[98.35485,7.89275],[98.35464,7.89268],[98.35443,7.8926],[98.35422,7.8925],[98.35402,7.8924],[98.35384,7.89228],[98.35365,7.89215],[98.35348,7.892],[98.3533,7.89185],[98.35314,7.89169],[98.35298,7.89152],[98.35283,7.89135],[98.35269,7.89117],[98.35255,7.891],[98.35242,7.89081],[98.35229,7.89063],[98.35216,7.89045],[98.35203,7.89026],[98.3519,7.89007],[98.35178,7.88988],[98.35165,7.88969],[98.35153,7.8895],[98.3514,7.88931],[98.35128,7.88912],[98.35115,7.88893],[98.35103,7.88875],[98.3509,7.88856],[98.35077,7.88837],[98.35064,7.88819],[98.3505,7.88801],[98.35036,7.88783],[98.35021,7.88766],[98.35005,7.8875],[98.34989,7.88735],[98.34972,7.88719],[98.34956,7.88703],[98.34939,7.88688],[98.34922,7.88673],[98.34904,7.88658],[98.34888,7.88643],[98.34872,7.88627],[98.34857,7.8861],[98.34845,7.88591],[98.34834,7.88571],[98.34825,7.8855],[98.34816,7.8853],[98.34806,7.88509],[98.34796,7.88488],[98.34784,7.88469],[98.34771,7.88451],[98.34757,7.88433],[98.34743,7.88415],[98.34729,7.88398],[98.34714,7.88381],[98.34699,7.88363],[98.34684,7.88346],[98.3467,7.88329],[98.34655,7.88311],[98.34642,7.88293],[98.34628,7.88275],[98.34616,7.88256],[98.34603,7.88237],[98.34591,7.88218],[98.34579,7.88199],[98.34568,7.88179],[98.34557,7.8816],[98.34545,7.8814],[98.34534,7.8812],[98.34523,7.88101],[98.34512,7.88081],[98.34502,7.88061],[98.34491,7.88041],[98.3448,7.88021],[98.34469,7.88001],[98.34459,7.87981],[98.34449,7.8796],[98.34439,7.8794],[98.3443,7.87919],[98.3442,7.87898],[98.34411,7.87877],[98.34401,7.87857],[98.34391,7.87836],[98.3438,7.87817],[98.34369,7.87797],[98.34357,7.87779],[98.34344,7.87761],[98.34329,7.87743],[98.34314,7.87726],[98.34297,7.87711],[98.3428,7.87695],[98.34261,7.87681],[98.34243,7.87668],[98.34224,7.87656],[98.34204,7.87645],[98.34184,7.87635],[98.34164,7.87625],[98.34142,7.87617],[98.34121,7.87609],[98.34099,7.87602],[98.34077,7.87595],[98.34055,7.87589],[98.34033,7.87584],[98.34011,7.87579],[98.33989,7.87575],[98.33966,7.87572],[98.33943,7.8757],[98.3392,7.87569],[98.33898,7.87568],[98.33875,7.87568],[98.33852,7.87569],[98.3383,7.87571],[98.33807,7.87573],[98.33785,7.87577],[98.33762,7.87581],[98.3374,7.87587],[98.33719,7.87595],[98.33699,7.87606],[98.33679,7.87616],[98.33657,7.87622],[98.33634,7.87628],[98.33611,7.87632],[98.33588,7.87634],[98.33566,7.87632],[98.33545,7.87624],[98.33525,7.87616],[98.33505,7.87606],[98.33485,7.87595],[98.33466,7.87584],[98.33446,7.87572],[98.33426,7.87559],[98.33407,7.87547],[98.33388,7.87535],[98.33368,7.87523],[98.33348,7.87511],[98.33329,7.875],[98.33309,7.87489],[98.33289,7.87477],[98.33269,7.87466],[98.3325,7.87455],[98.3323,7.87444],[98.3321,7.87433],[98.3319,7.87422],[98.33171,7.87411],[98.33151,7.874],[98.33131,7.87389],[98.33111,7.87378],[98.33091,7.87367],[98.33071,7.87356],[98.33052,7.87345],[98.33032,7.87334],[98.33012,7.87324],[98.32992,7.87313],[98.32972,7.87302],[98.32952,7.87291],[98.32932,7.87281],[98.3291,7.87269],[98.3289,7.87257],[98.3287,7.87246],[98.3285,7.87235],[98.3283,7.87225],[98.32809,7.87216],[98.32788,7.87207],[98.32768,7.87197],[98.32747,7.87188],[98.32726,7.87179],[98.32705,7.8717],[98.32684,7.87162],[98.32662,7.87154],[98.32641,7.87147],[98.32619,7.87141],[98.32598,7.87136],[98.32575,7.87133],[98.32553,7.87131],[98.3253,7.8713],[98.32507,7.8713],[98.32484,7.8713],[98.32461,7.8713],[98.32435,7.87129],[98.32412,7.87127],[98.32389,7.87124],[98.32366,7.87122],[98.32344,7.87121],[98.32322,7.87123],[98.323,7.87128],[98.32278,7.87134],[98.32256,7.87141],[98.32235,7.87148],[98.32213,7.87156],[98.32192,7.87164],[98.3217,7.87171],[98.32148,7.87177],[98.32126,7.87183],[98.32104,7.87188],[98.32082,7.87194],[98.3206,7.87199],[98.32038,7.87204],[98.32016,7.8721],[98.31994,7.87215],[98.31972,7.87221],[98.3195,7.87227],[98.31928,7.87233],[98.31907,7.8724],[98.31886,7.87247],[98.31865,7.87256],[98.31844,7.87267],[98.31824,7.87278],[98.31804,7.87288],[98.31784,7.87299],[98.31763,7.87307],[98.31742,7.87314],[98.3172,7.87319],[98.31698,7.87323],[98.31675,7.87326],[98.31652,7.87328],[98.3163,7.8733],[98.31607,7.87332],[98.31584,7.87335],[98.31562,7.87337],[98.31539,7.87338],[98.31516,7.8734],[98.31494,7.87341],[98.31471,7.87342],[98.31448,7.87344],[98.31426,7.87346],[98.31403,7.87348],[98.31381,7.8735],[98.31358,7.87353],[98.31336,7.87357],[98.31314,7.87362],[98.31291,7.87366],[98.31269,7.87371],[98.31247,7.87376],[98.31225,7.87381],[98.31203,7.87386],[98.3118,7.8739],[98.31158,7.87394],[98.31136,7.87397],[98.31113,7.874],[98.31091,7.87402],[98.31068,7.87404],[98.31045,7.87406],[98.31023,7.87407],[98.31,7.87408],[98.30978,7.87409],[98.30955,7.87411],[98.30932,7.87412],[98.30909,7.87413],[98.30887,7.87414],[98.30864,7.87415],[98.30841,7.87416],[98.30819,7.87417],[98.30796,7.87418],[98.30774,7.87419],[98.30751,7.8742],[98.30728,7.87421],[98.30694,7.87422],[98.30671,7.87424],[98.30648,7.87426],[98.30625,7.87429],[98.30602,7.87431],[98.3058,7.87433],[98.30557,7.87432],[98.30535,7.87429],[98.30513,7.87423],[98.30492,7.87417],[98.3047,7.8741],[98.30449,7.87403],[98.30428,7.87394],[98.30407,7.87386],[98.30385,7.87377],[98.30364,7.87369],[98.30343,7.8736],[98.30321,7.87353],[98.303,7.87345],[98.30278,7.87339],[98.30256,7.87333],[98.30234,7.87327],[98.30212,7.87322],[98.30189,7.87318],[98.30166,7.87314],[98.30144,7.87312],[98.30121,7.87311],[98.30099,7.87311],[98.30077,7.87313],[98.30055,7.87318],[98.30034,7.87326],[98.30012,7.87334],[98.29991,7.87343],[98.29969,7.87351],[98.29948,7.87358],[98.29926,7.87366],[98.29905,7.87374],[98.29884,7.87382],[98.29863,7.8739],[98.29842,7.87398],[98.2982,7.87406],[98.29799,7.87413],[98.29777,7.8742],[98.29755,7.87427],[98.29733,7.87435],[98.2971,7.87441],[98.29688,7.87445],[98.29666,7.87446],[98.29644,7.87444],[98.29623,7.8744],[98.29601,7.87434],[98.29579,7.87426],[98.29558,7.87417],[98.29537,7.87408],[98.29516,7.87398],[98.29495,7.87389],[98.29474,7.8738],[98.29454,7.87368],[98.29435,7.87356],[98.29417,7.87343],[98.29399,7.87328],[98.29382,7.87314],[98.29365,7.87299],[98.29348,7.87284],[98.29331,7.87269],[98.29315,7.87253],[98.29298,7.87238],[98.29281,7.87223],[98.29265,7.87207],[98.29249,7.87191],[98.29233,7.87174],[98.29217,7.87159],[98.292,7.87144],[98.29181,7.8713],[98.29161,7.87117],[98.29139,7.87108],[98.29118,7.87107],[98.29098,7.87115],[98.29078,7.87128],[98.29061,7.87145],[98.29049,7.87163],[98.29039,7.87184],[98.2903,7.87205],[98.2902,7.87226],[98.29007,7.87244],[98.28993,7.87262],[98.28978,7.8728],[98.28963,7.87297],[98.28947,7.87313],[98.2893,7.87329],[98.28913,7.87342],[98.28894,7.87354],[98.28874,7.87364],[98.28853,7.87373],[98.28831,7.87381],[98.2881,7.87389],[98.28788,7.87398],[98.28768,7.87407],[98.28748,7.87418],[98.28729,7.8743],[98.28712,7.87445],[98.28695,7.87461],[98.2868,7.87477],[98.28664,7.87494],[98.2865,7.87512],[98.28638,7.87531],[98.2863,7.87552],[98.28619,7.87572],[98.28604,7.8759],[98.28588,7.87606],[98.2857,7.8762],[98.2855,7.8763],[98.28529,7.87638],[98.28506,7.87643],[98.28484,7.87646],[98.28461,7.87648],[98.28438,7.87649],[98.28416,7.87649],[98.28393,7.87647],[98.2837,7.87645],[98.28348,7.87641],[98.28326,7.87636],[98.28304,7.87628],[98.28282,7.87621],[98.28261,7.87615],[98.28239,7.87612],[98.28216,7.87615],[98.28193,7.87621],[98.28173,7.87629],[98.28153,7.87642],[98.28135,7.87656],[98.28115,7.87665],[98.28093,7.8767],[98.2807,7.87674],[98.28047,7.87676],[98.28024,7.87676],[98.28001,7.87674],[98.2798,7.8767],[98.27958,7.87662],[98.27938,7.8765],[98.27919,7.87638],[98.27903,7.87622],[98.27887,7.87606],[98.27872,7.87588],[98.27857,7.87571],[98.27843,7.87553],[98.27829,7.87535],[98.27816,7.87517],[98.27801,7.875],[98.27787,7.87483],[98.27771,7.87466],[98.27755,7.87449],[98.27738,7.87432],[98.2772,7.87417],[98.27702,7.87404],[98.27683,7.87395],[98.27662,7.87392],[98.2764,7.87395],[98.27617,7.87401],[98.27594,7.87408],[98.27571,7.87414],[98.27549,7.87419],[98.27527,7.87424],[98.27505,7.8743],[98.27483,7.87436],[98.27461,7.87442],[98.27417,7.87466],[98.27394,7.87468],[98.27356,7.87468],[98.27334,7.87464],[98.27317,7.87448],[98.2731,7.87427],[98.27307,7.87405],[98.27307,7.87382],[98.27313,7.8736],[98.2732,7.87338],[98.27323,7.87316],[98.27311,7.87296],[98.27305,7.87275],[98.273,7.87253],[98.27295,7.87231],[98.27288,7.87209],[98.27281,7.87188],[98.27271,7.87167],[98.27255,7.87151],[98.27234,7.87145],[98.27212,7.87137],[98.27193,7.87125],[98.27179,7.87108],[98.27177,7.87085],[98.27196,7.87074],[98.27218,7.87068],[98.27241,7.8707],[98.27259,7.87057],[98.2726,7.87035],[98.27261,7.87012],[98.27267,7.8699],[98.27272,7.86968],[98.27278,7.86946],[98.27285,7.86925],[98.27292,7.86903],[98.27301,7.86882],[98.27311,7.86862],[98.27326,7.86845],[98.27345,7.86834],[98.27366,7.86825],[98.27386,7.86814],[98.27402,7.86798],[98.27416,7.8678],[98.27431,7.86763],[98.27447,7.86747],[98.27466,7.86735],[98.27487,7.86726],[98.27507,7.86716],[98.27526,7.86704],[98.27543,7.86689],[98.27559,7.86672],[98.27572,7.86654],[98.27582,7.86633],[98.27589,7.86612],[98.27594,7.8659],[98.276,7.86568],[98.27607,7.86546],[98.27618,7.86527],[98.27637,7.86515],[98.27659,7.8651],[98.27682,7.86509],[98.27704,7.86511],[98.27727,7.86515],[98.27749,7.8652],[98.27771,7.86526],[98.27793,7.86531],[98.27815,7.86537],[98.27837,7.86541],[98.27859,7.86546],[98.27881,7.86551],[98.27904,7.86556],[98.27926,7.86561],[98.27947,7.86567],[98.27969,7.86574],[98.2799,7.86581],[98.28011,7.86592],[98.2803,7.86604],[98.28048,7.86618],[98.28066,7.86631],[98.28081,7.86648],[98.28097,7.86665],[98.28118,7.86665],[98.28136,7.86652],[98.28154,7.86638],[98.28172,7.86625],[98.28191,7.86613],[98.2821,7.866],[98.28228,7.86586],[98.28246,7.86573],[98.28264,7.86559],[98.28278,7.86541],[98.28284,7.86519],[98.28282,7.86497],[98.28277,7.86475],[98.2827,7.86453],[98.2826,7.86433],[98.28249,7.86413],[98.28237,7.86394],[98.28226,7.86374],[98.28215,7.86354],[98.28208,7.86333],[98.28208,7.8631],[98.28211,7.86288],[98.28213,7.86265],[98.28214,7.86243],[98.28213,7.8622],[98.28212,7.86198],[98.2821,7.86175],[98.28209,7.86152],[98.28206,7.8613],[98.28202,7.86108],[98.28197,7.86086],[98.28195,7.86063],[98.282,7.86041],[98.28213,7.86023],[98.28232,7.8601],[98.28253,7.86002],[98.28275,7.85996],[98.28297,7.85994],[98.2832,7.85995],[98.28342,7.85997],[98.28365,7.85998],[98.28388,7.85999],[98.2841,7.85997],[98.2843,7.85987],[98.28445,7.8597],[98.2846,7.85952],[98.28479,7.8594],[98.28501,7.85937],[98.28524,7.85937],[98.28547,7.85935],[98.28569,7.85932],[98.28591,7.85926],[98.28612,7.85918],[98.28634,7.8591],[98.28656,7.85911],[98.28678,7.85918],[98.287,7.85923],[98.28722,7.85924],[98.28745,7.85925],[98.28767,7.85927],[98.2879,7.8593],[98.28812,7.85933],[98.28835,7.85935],[98.28858,7.85936],[98.2888,7.85935],[98.28901,7.85927],[98.28919,7.85913],[98.28935,7.85897],[98.2895,7.8588],[98.28964,7.85862],[98.28978,7.85844],[98.28991,7.85826],[98.29004,7.85807],[98.29015,7.85787],[98.29024,7.85767],[98.29033,7.85746],[98.29041,7.85725],[98.29049,7.85703],[98.29057,7.85682],[98.29064,7.85661],[98.29071,7.85639],[98.29078,7.85618],[98.29085,7.85596],[98.29092,7.85575],[98.29098,7.85553],[98.29105,7.85531],[98.29113,7.8551],[98.29121,7.85489],[98.29131,7.85469],[98.29141,7.85449],[98.29151,7.85428],[98.29161,7.85408],[98.2917,7.85387],[98.29178,7.85366],[98.29184,7.85344],[98.29189,7.85322],[98.29193,7.853],[98.29198,7.85278],[98.29203,7.85256],[98.29208,7.85234],[98.29215,7.85212],[98.29222,7.85191],[98.29229,7.85169],[98.29237,7.85148],[98.29245,7.85127],[98.29252,7.85105],[98.29259,7.85084],[98.29266,7.85062],[98.29273,7.85041],[98.2928,7.85019],[98.29285,7.84997],[98.29288,7.84975],[98.29286,7.84952],[98.29283,7.8493],[98.29279,7.84908],[98.29276,7.84885],[98.29277,7.84863],[98.29281,7.8484],[98.2928,7.84818],[98.29274,7.84796],[98.29267,7.84774],[98.29261,7.84753],[98.29266,7.84731],[98.29276,7.8471],[98.29286,7.8469],[98.29296,7.84669],[98.29306,7.84649],[98.29317,7.84629],[98.29327,7.84609],[98.29335,7.84588],[98.29342,7.84566],[98.29346,7.84544],[98.29348,7.84522],[98.29349,7.84499],[98.2935,7.84476],[98.29351,7.84454],[98.29353,7.84431],[98.29356,7.84409],[98.29358,7.84386],[98.29361,7.84364],[98.29364,7.84342],[98.29366,7.84319],[98.29369,7.84297],[98.29371,7.84274],[98.29373,7.84252],[98.29374,7.84229],[98.29374,7.84206],[98.29374,7.84184],[98.29374,7.84161],[98.29374,7.84138],[98.29374,7.84116],[98.29375,7.84093],[98.29376,7.84071],[98.29377,7.84048],[98.29379,7.84026],[98.29381,7.84003],[98.29383,7.83981],[98.29386,7.83958],[98.29389,7.83936],[98.29393,7.83913],[98.29396,7.83891],[98.294,7.83869],[98.29404,7.83846],[98.29408,7.83824],[98.29412,7.83802],[98.29417,7.8378],[98.29422,7.83758],[98.29427,7.83736],[98.29432,7.83714],[98.29436,7.83692],[98.2944,7.83669],[98.29444,7.83647],[98.29448,7.83625],[98.29451,7.83602],[98.29454,7.8358],[98.29456,7.83557],[98.29459,7.83535],[98.29461,7.83512],[98.29464,7.8349],[98.29466,7.83467],[98.29469,7.83445],[98.29471,7.83422],[98.29472,7.834],[98.29472,7.83377],[98.29471,7.83355],[98.29468,7.83332],[98.29464,7.8331],[98.29459,7.83288],[98.29452,7.83267],[98.29446,7.83245],[98.29446,7.83222],[98.29454,7.83201],[98.29455,7.83179],[98.29445,7.83159],[98.29428,7.83143],[98.29416,7.83124],[98.29409,7.83103],[98.2941,7.8308],[98.29414,7.83058],[98.29415,7.83035],[98.29408,7.83014],[98.29391,7.83],[98.29371,7.82988],[98.29351,7.82978],[98.2933,7.8297],[98.29308,7.82964],[98.29285,7.82965],[98.29263,7.82963],[98.29242,7.82954],[98.29223,7.82941],[98.29208,7.82924],[98.29195,7.82905],[98.29178,7.82891],[98.29156,7.82885],[98.29137,7.82873],[98.29122,7.82856],[98.29106,7.8284],[98.29086,7.8283],[98.29066,7.82819],[98.29047,7.82806],[98.29029,7.82792],[98.29013,7.82777],[98.28998,7.8276],[98.28984,7.82742],[98.28971,7.82723],[98.28959,7.82704],[98.28948,7.82684],[98.28939,7.82663],[98.28934,7.82641],[98.28928,7.8262],[98.28911,7.8259],[98.28912,7.82567],[98.28912,7.82545],[98.28913,7.82522],[98.28915,7.82499],[98.28918,7.82477],[98.28922,7.82455],[98.28927,7.82432],[98.28932,7.8241],[98.28938,7.82388],[98.28945,7.82367],[98.28956,7.82347],[98.28977,7.82337],[98.28999,7.82338],[98.29021,7.82342],[98.29044,7.82347],[98.29066,7.82355],[98.29087,7.82363],[98.29108,7.82373],[98.29128,7.82384],[98.29147,7.82397],[98.29164,7.82411],[98.29174,7.82431],[98.2918,7.82453],[98.29189,7.82475],[98.29203,7.82497],[98.29221,7.82505],[98.29241,7.82499],[98.29261,7.82491],[98.29281,7.82481],[98.29302,7.8247],[98.29323,7.82459],[98.29344,7.82447],[98.29364,7.82435],[98.29384,7.82425],[98.29404,7.82414],[98.29424,7.82403],[98.29444,7.82392],[98.29464,7.82381],[98.29483,7.82369],[98.29502,7.82356],[98.2952,7.82343],[98.29537,7.82328],[98.29554,7.82313],[98.29571,7.82298],[98.29587,7.82282],[98.29603,7.82266],[98.29618,7.82249],[98.29633,7.82232],[98.29648,7.82215],[98.29663,7.82198],[98.29676,7.8218],[98.2969,7.82161],[98.29702,7.82142],[98.29715,7.82123],[98.29726,7.82104],[98.29738,7.82084],[98.29749,7.82065],[98.2976,7.82045],[98.2977,7.82025],[98.29781,7.82005],[98.29791,7.81984],[98.298,7.81964],[98.2981,7.81943],[98.29819,7.81923],[98.29827,7.81902],[98.29836,7.81881],[98.29843,7.81859],[98.29851,7.81838],[98.29858,7.81816],[98.29864,7.81795],[98.29871,7.81773],[98.29876,7.81751],[98.29881,7.81729],[98.29886,7.81707],[98.2989,7.81684],[98.29894,7.81662],[98.29897,7.8164],[98.29899,7.81617],[98.29901,7.81594],[98.29902,7.8157],[98.29902,7.81546],[98.29899,7.81524],[98.29893,7.81505],[98.29877,7.8149],[98.29854,7.8148],[98.29831,7.81474],[98.29809,7.81474],[98.29787,7.81479],[98.29764,7.81485],[98.29741,7.81489],[98.29719,7.81493],[98.29697,7.81493],[98.29674,7.81488],[98.29653,7.81482],[98.29631,7.81474],[98.2961,7.81465],[98.29591,7.81453],[98.29577,7.81435],[98.29566,7.81415],[98.29558,7.81393],[98.29552,7.81371],[98.29551,7.81349],[98.29558,7.81328],[98.29567,7.81306],[98.29569,7.81284],[98.29565,7.81262],[98.29561,7.81239],[98.29562,7.81217],[98.29565,7.81195],[98.29568,7.81172],[98.29573,7.8115],[98.29578,7.81128],[98.29584,7.81106],[98.29592,7.81084],[98.29604,7.81063],[98.2962,7.81049],[98.2964,7.81041],[98.29663,7.81037],[98.29686,7.81035],[98.29709,7.81032],[98.29732,7.8103],[98.29755,7.81029],[98.29778,7.81027],[98.298,7.81023],[98.2982,7.81012],[98.29832,7.80993],[98.29839,7.80972],[98.29844,7.8095],[98.2985,7.80928],[98.29855,7.80906],[98.29859,7.80883],[98.29863,7.8086],[98.29866,7.80838],[98.29869,7.80815],[98.29871,7.80793],[98.29873,7.8077],[98.29875,7.80748],[98.29876,7.80725],[98.29877,7.80703],[98.29878,7.8068],[98.29879,7.80657],[98.29879,7.80635],[98.2988,7.80612],[98.2988,7.80589],[98.29881,7.80567],[98.29882,7.80544],[98.29883,7.80521],[98.29884,7.80498],[98.29883,7.80476],[98.29881,7.80454],[98.29874,7.80432],[98.29861,7.80411],[98.29846,7.80395],[98.29826,7.80392],[98.29802,7.80398],[98.29779,7.80396],[98.29755,7.8039],[98.29736,7.8038],[98.29722,7.80364],[98.29712,7.80343],[98.29705,7.8032],[98.29699,7.80298],[98.29696,7.80276],[98.29693,7.80253],[98.29691,7.80231],[98.29688,7.80208],[98.29684,7.80186],[98.29678,7.80164],[98.29671,7.80142],[98.29662,7.8012],[98.29652,7.801],[98.2964,7.80082],[98.29622,7.8007],[98.296,7.80062],[98.2958,7.80049],[98.29564,7.80033],[98.29552,7.80015],[98.29545,7.79993],[98.29542,7.7997],[98.29545,7.79947],[98.2955,7.79924],[98.2955,7.79903],[98.29532,7.79889],[98.29517,7.79871],[98.29508,7.7985],[98.29504,7.79828],[98.295,7.79806],[98.29489,7.79786],[98.29472,7.79771],[98.29452,7.79759],[98.29434,7.79745],[98.29423,7.79726],[98.29412,7.79706],[98.29403,7.79686],[98.29395,7.79664],[98.29387,7.79643],[98.29379,7.79621],[98.29372,7.796],[98.29367,7.79577],[98.29362,7.79555],[98.29355,7.79533],[98.29347,7.79513],[98.29336,7.79493],[98.29323,7.79475],[98.29308,7.79457],[98.29292,7.7944],[98.29276,7.79425],[98.29258,7.79412],[98.29238,7.79401],[98.29217,7.79391],[98.29196,7.79382],[98.29176,7.79372],[98.29155,7.79362],[98.29134,7.79354],[98.29112,7.79347],[98.2909,7.79346],[98.29067,7.79346],[98.29045,7.79342],[98.29023,7.79336],[98.29001,7.79329],[98.2898,7.79322],[98.28958,7.79314],[98.28936,7.79308],[98.28914,7.79304],[98.28892,7.79307],[98.2887,7.79314],[98.28847,7.79318],[98.28825,7.79317],[98.28802,7.79313],[98.2878,7.7931],[98.28757,7.79311],[98.28735,7.79315],[98.28713,7.79321],[98.28691,7.79326],[98.28668,7.79331],[98.28646,7.79332],[98.28623,7.79332],[98.28601,7.7933],[98.28578,7.79328],[98.28556,7.79325],[98.28533,7.79319],[98.28512,7.79313],[98.2849,7.79306],[98.28469,7.79298],[98.28455,7.79281],[98.28459,7.79258],[98.28472,7.79239],[98.2849,7.79226],[98.28492,7.79205],[98.28489,7.79181],[98.28485,7.79158],[98.2848,7.79136],[98.28474,7.79114],[98.28477,7.79092],[98.28474,7.7907],[98.28468,7.79048],[98.28464,7.79026],[98.28461,7.79004],[98.28459,7.78981],[98.28457,7.78958],[98.28457,7.78936],[98.28456,7.78911],[98.28458,7.78887],[98.28466,7.78868],[98.28482,7.78855],[98.28503,7.78846],[98.28526,7.78839],[98.28549,7.78834],[98.28571,7.78828],[98.28594,7.78824],[98.28616,7.78819],[98.28638,7.78815],[98.28661,7.78812],[98.28683,7.7881],[98.28706,7.78808],[98.28729,7.78806],[98.28751,7.78805],[98.28774,7.78804],[98.28797,7.78805],[98.2882,7.78806],[98.28842,7.78808],[98.28864,7.78812],[98.28885,7.7882],[98.28906,7.78831],[98.28926,7.78841],[98.28946,7.78852],[98.28967,7.78863],[98.28987,7.78873],[98.2901,7.78877],[98.29032,7.78871],[98.29046,7.78855],[98.29056,7.78834],[98.29063,7.78811],[98.29066,7.78789],[98.29067,7.78766],[98.29067,7.78744],[98.29065,7.78721],[98.29063,7.78698],[98.29059,7.78676],[98.29055,7.78654],[98.29048,7.78632],[98.2904,7.7861],[98.2903,7.7859],[98.2902,7.7857],[98.29006,7.78552],[98.28988,7.78538],[98.28972,7.78522],[98.28959,7.78503],[98.28945,7.78485],[98.28928,7.78471],[98.28907,7.78462],[98.28885,7.78455],[98.28865,7.78444],[98.28846,7.78432],[98.28828,7.78418],[98.28811,7.78403],[98.28793,7.78389],[98.28774,7.78376],[98.28758,7.7836],[98.28747,7.78341],[98.28738,7.7832],[98.28731,7.78298],[98.28725,7.78276],[98.28719,7.78255],[98.28714,7.78232],[98.28709,7.7821],[98.28704,7.78188],[98.28695,7.78167],[98.28684,7.78148],[98.28672,7.78129],[98.28659,7.7811],[98.28647,7.7809],[98.28633,7.78068],[98.2863,7.78051],[98.28655,7.7805],[98.28672,7.78036],[98.28686,7.78018],[98.28701,7.78001],[98.28717,7.77985],[98.28734,7.77969],[98.28753,7.77957],[98.28772,7.77947],[98.28777,7.77926],[98.28778,7.77902],[98.2878,7.77879],[98.28782,7.77857],[98.28783,7.77834],[98.28781,7.77812],[98.28776,7.77789],[98.28771,7.77767],[98.28769,7.77744],[98.28767,7.77719],[98.28767,7.77696],[98.28774,7.77678],[98.28791,7.77665],[98.28816,7.77659],[98.28839,7.77659],[98.28861,7.77664],[98.28883,7.77672],[98.28905,7.7768],[98.28927,7.77683],[98.28949,7.77678],[98.28971,7.7767],[98.28993,7.7767],[98.29011,7.77682],[98.2903,7.77697],[98.29052,7.77703],[98.29074,7.77707],[98.29096,7.7771],[98.29119,7.77713],[98.29142,7.77716],[98.29181,7.77717],[98.29204,7.77715],[98.29227,7.77715],[98.29247,7.77723],[98.29266,7.77735],[98.29285,7.77749],[98.29302,7.77763],[98.29319,7.77779],[98.29335,7.77795],[98.29349,7.77813],[98.29364,7.7783],[98.29381,7.77845],[98.29399,7.77859],[98.29419,7.7787],[98.2944,7.77873],[98.29464,7.77868],[98.29486,7.77866],[98.29509,7.77864],[98.29532,7.77862],[98.29554,7.77864],[98.29574,7.77875],[98.29592,7.77889],[98.29614,7.77891],[98.29636,7.77885],[98.29658,7.77876],[98.29676,7.77863],[98.29694,7.77848],[98.29711,7.77832],[98.29729,7.77818],[98.29747,7.77806],[98.29768,7.77802],[98.29791,7.77804],[98.29815,7.77806],[98.29838,7.77804],[98.2986,7.77799],[98.29883,7.77796],[98.29904,7.77798],[98.29925,7.77808],[98.29945,7.77821],[98.29966,7.77827],[98.29989,7.77828],[98.30012,7.77829],[98.30033,7.77835],[98.30053,7.77849],[98.30073,7.77857],[98.30094,7.77852],[98.30116,7.77842],[98.30138,7.77837],[98.30159,7.7784],[98.30181,7.77848],[98.30203,7.77857],[98.30223,7.77867],[98.30241,7.77881],[98.3026,7.77893],[98.30282,7.779],[98.30304,7.77905],[98.30327,7.77912],[98.3035,7.77919],[98.30372,7.77922],[98.30392,7.77916],[98.3041,7.77904],[98.30427,7.7789],[98.30444,7.77873],[98.3046,7.77855],[98.30475,7.77837],[98.30489,7.7782],[98.30503,7.77802],[98.30517,7.77784],[98.3053,7.77765],[98.30542,7.77747],[98.30555,7.77728],[98.30567,7.77709],[98.3058,7.7769],[98.30592,7.77671],[98.30604,7.77651],[98.30617,7.77632],[98.30629,7.77613],[98.3064,7.77593],[98.30651,7.77573],[98.30659,7.77553],[98.30666,7.77531],[98.3067,7.77508],[98.30671,7.77484],[98.30669,7.77462],[98.30662,7.77442],[98.30649,7.77423],[98.30632,7.77407],[98.30614,7.77392],[98.30595,7.7738],[98.30575,7.77369],[98.30556,7.77357],[98.30538,7.77343],[98.30521,7.77328],[98.30504,7.77313],[98.30488,7.77296],[98.30474,7.77279],[98.30462,7.7726],[98.30453,7.77239],[98.30448,7.77217],[98.30447,7.77194],[98.30449,7.77172],[98.30452,7.77149],[98.30456,7.77127],[98.30462,7.77105],[98.30468,7.77083],[98.30473,7.77061],[98.30477,7.77038],[98.30482,7.77016],[98.30489,7.76995],[98.30501,7.76976],[98.30516,7.76959],[98.30531,7.76942],[98.30548,7.76925],[98.30566,7.7691],[98.30579,7.76893],[98.30584,7.76871],[98.3058,7.76847],[98.30565,7.76834],[98.30541,7.76829],[98.30521,7.7682],[98.30517,7.76798],[98.30532,7.7678],[98.30545,7.76763],[98.30538,7.76742],[98.30526,7.76721],[98.30509,7.76708],[98.30486,7.76701],[98.30469,7.76687],[98.30456,7.76668],[98.30444,7.76648],[98.30432,7.76629],[98.30419,7.76611],[98.30406,7.76592],[98.30393,7.76573],[98.30379,7.76555],[98.30369,7.76535],[98.30364,7.76514],[98.30362,7.76491],[98.3036,7.76468],[98.30357,7.76446],[98.30353,7.76423],[98.30347,7.76401],[98.30331,7.76386],[98.30308,7.7638],[98.30298,7.76362],[98.30302,7.7634],[98.30313,7.7632],[98.30324,7.763],[98.30333,7.76279],[98.30339,7.76257],[98.30343,7.76235],[98.30346,7.76212],[98.30347,7.7619],[98.30347,7.76167],[98.30346,7.76144],[98.30344,7.76121],[98.3034,7.761],[98.30329,7.7608],[98.30314,7.76062],[98.30297,7.76047],[98.30279,7.76033],[98.30259,7.76021],[98.3024,7.76009],[98.30229,7.7599],[98.30226,7.75967],[98.30233,7.75943],[98.30247,7.75926],[98.30267,7.75923],[98.30291,7.75931],[98.3031,7.75943],[98.30328,7.75956],[98.30346,7.75971],[98.30363,7.75986],[98.30379,7.76002],[98.30393,7.7602],[98.30403,7.7604],[98.30413,7.76061],[98.30425,7.7608],[98.30443,7.76095],[98.30463,7.76107],[98.30485,7.76111],[98.30507,7.7611],[98.30529,7.76106],[98.30552,7.76102],[98.30575,7.76097],[98.30598,7.76095],[98.3062,7.76095],[98.30643,7.76096],[98.30666,7.76097],[98.30689,7.76097],[98.30711,7.76091],[98.30724,7.76074],[98.30726,7.76052],[98.30725,7.76029],[98.30724,7.76004],[98.3072,7.7598],[98.30733,7.7597],[98.30756,7.75968],[98.30781,7.75969],[98.30804,7.75965],[98.30824,7.75955],[98.30844,7.75944],[98.30865,7.75936],[98.30887,7.75929],[98.30908,7.75921],[98.30926,7.75907],[98.30944,7.75894],[98.30965,7.75884],[98.30987,7.75876],[98.31009,7.75869],[98.31031,7.75864],[98.31052,7.75866],[98.31071,7.75879],[98.31092,7.75889],[98.31115,7.75893],[98.31137,7.75899],[98.31155,7.7591],[98.31173,7.75925],[98.3119,7.75941],[98.31205,7.75958],[98.31219,7.75979],[98.31236,7.75992],[98.31256,7.75993],[98.31278,7.75991],[98.31301,7.75987],[98.31325,7.75982],[98.31348,7.75978],[98.3137,7.75977],[98.31394,7.75978],[98.31417,7.75981],[98.3144,7.75986],[98.3146,7.75993],[98.31467,7.76013],[98.31463,7.76037],[98.31463,7.76058],[98.31477,7.76075],[98.31495,7.76091],[98.31511,7.76107],[98.31522,7.76127],[98.31533,7.76147],[98.31544,7.76167],[98.31556,7.76187],[98.3157,7.76205],[98.3159,7.76212],[98.31612,7.76213],[98.31636,7.7621],[98.31659,7.76206],[98.31681,7.76199],[98.31704,7.7619],[98.31726,7.76182],[98.31747,7.76176],[98.31768,7.76176],[98.31788,7.76184],[98.31808,7.76198],[98.31825,7.76215],[98.31839,7.76234],[98.31847,7.76253],[98.31849,7.76276],[98.31848,7.763],[98.31849,7.76323],[98.31857,7.76343],[98.31873,7.76361],[98.3188,7.76382],[98.31881,7.76405],[98.31869,7.76425],[98.3186,7.76445],[98.31863,7.76467],[98.31873,7.76488],[98.31886,7.76508],[98.31898,7.76528],[98.31906,7.76548],[98.31903,7.76569],[98.31888,7.76587],[98.31866,7.76595],[98.31843,7.76597],[98.3182,7.76594],[98.31798,7.76594],[98.3178,7.76606],[98.31783,7.76628],[98.31785,7.76651],[98.31766,7.76661],[98.31746,7.76671],[98.31734,7.7669],[98.3172,7.76708],[98.31707,7.76727],[98.31697,7.76747],[98.31687,7.76768],[98.3168,7.7679],[98.31678,7.76812],[98.31677,7.76835],[98.31678,7.76858],[98.31679,7.76882],[98.31684,7.76905],[98.31691,7.76926],[98.31701,7.76945],[98.31713,7.76963],[98.31727,7.7698],[98.31742,7.76997],[98.31758,7.77014],[98.31774,7.7703],[98.31792,7.77045],[98.31809,7.7706],[98.31828,7.77075],[98.31846,7.77089],[98.31864,7.77102],[98.31883,7.77115],[98.31902,7.77128],[98.31921,7.77139],[98.31941,7.7715],[98.31961,7.7716],[98.31981,7.77171],[98.32002,7.77181],[98.32022,7.7719],[98.32043,7.772],[98.32063,7.7721],[98.32084,7.7722],[98.32104,7.7723],[98.32124,7.77241],[98.32144,7.77251],[98.32164,7.77262],[98.32184,7.77273],[98.32204,7.77283],[98.32224,7.77294],[98.32244,7.77304],[98.32264,7.77315],[98.32284,7.77325],[98.32305,7.77336],[98.32325,7.77347],[98.32344,7.77357],[98.32364,7.77368],[98.32384,7.77379],[98.32404,7.7739],[98.32424,7.77402],[98.32443,7.77414],[98.32462,7.77425],[98.32482,7.77437],[98.32502,7.77447],[98.32523,7.77456],[98.32544,7.77465],[98.32565,7.77474],[98.32586,7.77482],[98.32607,7.77491],[98.32628,7.77499],[98.32648,7.77508],[98.32669,7.77517],[98.3269,7.77527],[98.3271,7.77536],[98.32731,7.77546],[98.32751,7.77556],[98.32771,7.77566],[98.32791,7.77577],[98.32811,7.77589],[98.32829,7.77603],[98.32847,7.77617],[98.32866,7.77629],[98.32886,7.77637],[98.32909,7.7764],[98.32932,7.77641],[98.32955,7.77644],[98.32977,7.77647],[98.33,7.77649],[98.33023,7.77652],[98.33046,7.77653],[98.33068,7.77653],[98.33091,7.77651],[98.33115,7.77646],[98.33136,7.77637],[98.3315,7.77622],[98.33159,7.776],[98.33165,7.77576],[98.33171,7.77552],[98.33179,7.77531],[98.33191,7.77516],[98.3321,7.77511],[98.33235,7.77513],[98.3326,7.77519],[98.33282,7.77526],[98.33304,7.77533],[98.33325,7.77541],[98.33346,7.77549],[98.33367,7.77559],[98.33387,7.77569],[98.33408,7.77579],[98.33428,7.7759],[98.33447,7.77601],[98.33466,7.77615],[98.33483,7.77629],[98.335,7.77645],[98.33515,7.77661],[98.33526,7.77681],[98.33535,7.77703],[98.33548,7.77721],[98.33567,7.77732],[98.33589,7.77741],[98.33608,7.77753],[98.33622,7.7777],[98.33634,7.77789],[98.33645,7.77809],[98.33657,7.77829],[98.33669,7.77848],[98.33683,7.77866],[98.33697,7.77883],[98.33712,7.77901],[98.33726,7.77918],[98.33741,7.77936],[98.33756,7.77953],[98.33771,7.77971],[98.33784,7.77989],[98.33794,7.78008],[98.33791,7.78031],[98.33792,7.78053],[98.33795,7.78076],[98.33799,7.78098],[98.33801,7.78121],[98.33805,7.78144],[98.33807,7.78167],[98.33808,7.78189],[98.33806,7.78211],[98.33796,7.7823],[98.33782,7.78249],[98.3377,7.78268],[98.33761,7.7829],[98.33746,7.78306],[98.33725,7.78315],[98.33702,7.78318],[98.33677,7.78316],[98.33661,7.78326],[98.33653,7.78347],[98.33648,7.78371],[98.33645,7.78394],[98.33644,7.78418],[98.33642,7.78441],[98.33636,7.78461],[98.33622,7.78476],[98.33601,7.78487],[98.33579,7.78497],[98.33559,7.78508],[98.3354,7.78519],[98.3352,7.7853],[98.335,7.78541],[98.33479,7.78551],[98.33458,7.7856],[98.33436,7.78568],[98.33415,7.78576],[98.33394,7.78585],[98.33374,7.78596],[98.33357,7.78609],[98.33344,7.78627],[98.33335,7.78648],[98.33325,7.78669],[98.33311,7.78687],[98.33291,7.787],[98.33274,7.78714],[98.33265,7.78734],[98.33256,7.78755],[98.3325,7.78778],[98.33245,7.78801],[98.33244,7.78824],[98.33246,7.78846],[98.33249,7.78868],[98.33253,7.7889],[98.33258,7.78912],[98.33263,7.78934],[98.33269,7.78956],[98.33275,7.78978],[98.33281,7.78999],[98.33288,7.79021],[98.33295,7.79043],[98.33302,7.79065],[98.3331,7.79086],[98.33317,7.79108],[98.33325,7.79129],[98.33332,7.7915],[98.3334,7.79171],[98.33349,7.79193],[98.33357,7.79214],[98.33365,7.79235],[98.33374,7.79255],[98.33383,7.79276],[98.33391,7.79297],[98.334,7.79318],[98.33409,7.79339],[98.33418,7.7936],[98.33427,7.7938],[98.33436,7.79401],[98.33446,7.79422],[98.33455,7.79443],[98.33464,7.79463],[98.33473,7.79484],[98.33482,7.79505],[98.33491,7.79526],[98.33503,7.79555],[98.33512,7.79576],[98.33521,7.79597],[98.33529,7.79618],[98.33538,7.79639],[98.33547,7.7966],[98.33556,7.79681],[98.33565,7.79701],[98.33574,7.79722],[98.33582,7.79743],[98.33591,7.79764],[98.336,7.79785],[98.33608,7.79806],[98.33617,7.79827],[98.33625,7.79848],[98.33633,7.79869],[98.33641,7.7989],[98.33649,7.79911],[98.33656,7.79933],[98.33663,7.79954],[98.3367,7.79976],[98.33676,7.79998],[98.33682,7.80019],[98.33688,7.80041],[98.33694,7.80063],[98.337,7.80085],[98.33706,7.80107],[98.33713,7.80128],[98.3372,7.8015],[98.33727,7.80171],[98.33734,7.80193],[98.33741,7.80214],[98.33748,7.80236],[98.33754,7.80258],[98.33761,7.80279],[98.33767,7.80301],[98.33773,7.80323],[98.33779,7.80344],[98.33785,7.80366],[98.3379,7.80388],[98.33795,7.8041],[98.33801,7.80432],[98.33806,7.80454],[98.33811,7.80477],[98.33816,7.80499],[98.33821,7.80521],[98.33826,7.80543],[98.33831,7.80565],[98.33836,7.80587],[98.33841,7.80609],[98.33847,7.80631],[98.33852,7.80653],[98.33858,7.80675],[98.33863,7.80697],[98.33869,7.80718],[98.33875,7.8074],[98.33882,7.80762],[98.33888,7.80783],[98.33895,7.80805],[98.33902,7.80826],[98.3391,7.80848],[98.33918,7.80869],[98.33926,7.8089],[98.33934,7.80911],[98.33943,7.80932],[98.33952,7.80953],[98.33961,7.80974],[98.3397,7.80994],[98.33979,7.81015],[98.33988,7.81036],[98.33998,7.81056],[98.34007,7.81077],[98.34016,7.81098],[98.34026,7.81118],[98.34035,7.81139],[98.34045,7.81159],[98.34055,7.81179],[98.34066,7.812],[98.34076,7.8122],[98.34086,7.8124],[98.34097,7.8126],[98.34107,7.8128],[98.34118,7.813],[98.34128,7.8132],[98.34138,7.8134],[98.34149,7.8136],[98.34159,7.81381],[98.34169,7.81401],[98.34178,7.81421],[98.34188,7.81442],[98.34198,7.81462],[98.34207,7.81483],[98.34217,7.81504],[98.34226,7.81524],[98.34236,7.81545],[98.34245,7.81566],[98.34254,7.81586],[98.34263,7.81607],[98.34271,7.81628],[98.3428,7.81649],[98.34287,7.8167],[98.34295,7.81691],[98.34301,7.81713],[98.34306,7.81735],[98.34309,7.81758],[98.34312,7.8178],[98.34315,7.81803],[98.3432,7.81825],[98.34327,7.81846],[98.34335,7.81867],[98.34345,7.81888],[98.34356,7.81908],[98.34365,7.81929],[98.34373,7.8195],[98.34381,7.81971],[98.34389,7.81992],[98.34396,7.82014],[98.34403,7.82035],[98.3441,7.82056],[98.34417,7.82078],[98.34422,7.82107],[98.34423,7.82112],[98.34425,7.82134],[98.34427,7.82157],[98.34429,7.8218],[98.34431,7.82202],[98.34435,7.82224],[98.3444,7.82246],[98.34447,7.82268],[98.34454,7.82289],[98.34462,7.8231],[98.3447,7.82332],[98.34478,7.82353],[98.34487,7.82374],[98.34497,7.82394],[98.34506,7.82415],[98.34516,7.82435],[98.34527,7.82455],[98.34538,7.82475],[98.34549,7.82494],[98.34561,7.82514],[98.34573,7.82533],[98.34586,7.82551],[98.34599,7.8257],[98.34612,7.82588],[98.34626,7.82607],[98.34639,7.82625],[98.34653,7.82643],[98.34666,7.82661],[98.3468,7.82679],[98.34693,7.82698],[98.34707,7.82715],[98.34721,7.82733],[98.34736,7.82751],[98.3475,7.82768],[98.34764,7.82786],[98.34779,7.82803],[98.34793,7.82821],[98.34808,7.82838],[98.34822,7.82856],[98.34836,7.82873],[98.3485,7.82891],[98.34864,7.82909],[98.34879,7.82927],[98.34894,7.82944],[98.34909,7.8296],[98.34926,7.82975],[98.34944,7.82989],[98.34963,7.83001],[98.34982,7.83013],[98.35001,7.83025],[98.35021,7.83038],[98.35039,7.8305],[98.35058,7.83063],[98.35077,7.83076],[98.35095,7.83089],[98.35114,7.83102],[98.35132,7.83115],[98.35151,7.83128],[98.35169,7.83142],[98.35187,7.83155],[98.35205,7.83169],[98.35222,7.83184],[98.3524,7.83198],[98.35257,7.83213],[98.35274,7.83228],[98.35292,7.83242],[98.3531,7.83256],[98.35328,7.8327],[98.35346,7.83285],[98.35362,7.83299],[98.35372,7.83318],[98.35377,7.83341],[98.35382,7.83364],[98.35389,7.83386],[98.354,7.83405],[98.35415,7.83421],[98.35433,7.83436],[98.35452,7.83449],[98.35473,7.83459],[98.35494,7.83467],[98.35516,7.83471],[98.35538,7.83473],[98.35561,7.83474],[98.35584,7.83474],[98.35607,7.83474],[98.3563,7.83476],[98.35653,7.83478],[98.35675,7.83482],[98.35697,7.83487],[98.35719,7.83491],[98.35741,7.83496],[98.35763,7.83501],[98.35786,7.83506],[98.35808,7.83511],[98.3583,7.83517],[98.35852,7.83522],[98.35874,7.83528],[98.35896,7.83534],[98.35918,7.8354],[98.3594,7.83546],[98.35961,7.83552],[98.35983,7.83558],[98.36005,7.83564],[98.36027,7.83571],[98.36049,7.83578],[98.3607,7.83586],[98.36091,7.83595],[98.36111,7.83606],[98.3613,7.83618],[98.36148,7.83631],[98.36166,7.83645],[98.36183,7.8366],[98.36199,7.83676],[98.36216,7.83693],[98.36231,7.83709],[98.36246,7.83726],[98.36259,7.83744],[98.36265,7.83766],[98.36272,7.83788],[98.36286,7.83806],[98.363,7.83823],[98.36315,7.83841],[98.36331,7.83857],[98.36349,7.83873],[98.36367,7.83886],[98.36386,7.83897],[98.36406,7.83907],[98.36426,7.83917],[98.36447,7.83926],[98.36468,7.83935],[98.3649,7.83943],[98.36511,7.8395],[98.36533,7.83957],[98.36555,7.83964],[98.36577,7.8397],[98.36599,7.83976],[98.36621,7.83981],[98.36643,7.83985],[98.36666,7.83989],[98.36688,7.83993],[98.36711,7.83996],[98.36733,7.83999],[98.36756,7.84001],[98.36779,7.84003],[98.36802,7.84004],[98.36825,7.84005],[98.36847,7.84006],[98.3687,7.84006],[98.36892,7.84006],[98.36915,7.84004],[98.36937,7.84001],[98.36959,7.83997],[98.36981,7.83991],[98.37003,7.83985],[98.37025,7.83979],[98.37048,7.83973],[98.3707,7.83968],[98.37092,7.83964],[98.37114,7.83962],[98.37137,7.83962],[98.3716,7.83963],[98.37183,7.83964],[98.37205,7.83965],[98.37228,7.83964],[98.37251,7.83962],[98.37273,7.8396],[98.37296,7.83958],[98.37318,7.83957],[98.37341,7.83956],[98.37364,7.83957],[98.37386,7.83958],[98.37409,7.83961],[98.37433,7.83966],[98.37451,7.83977],[98.37459,7.83997],[98.37465,7.84021],[98.37477,7.84039],[98.37493,7.84055],[98.37517,7.84078],[98.37533,7.84093],[98.37553,7.84109],[98.37572,7.84105],[98.37589,7.84087],[98.376,7.84068],[98.37609,7.84047],[98.37618,7.84026],[98.37625,7.84004],[98.37629,7.83982],[98.3763,7.83959],[98.37629,7.83935],[98.37631,7.83913],[98.3764,7.83894],[98.37661,7.83882],[98.37685,7.83881],[98.37709,7.83882],[98.37726,7.83874],[98.37734,7.83855],[98.37738,7.8383],[98.37744,7.83807],[98.37759,7.83791],[98.3778,7.83779],[98.37794,7.83763],[98.378,7.83742],[98.37804,7.83719],[98.37805,7.83695],[98.37803,7.83672],[98.37797,7.83651],[98.37787,7.83631],[98.37773,7.83612],[98.37759,7.83593],[98.37746,7.83574],[98.37736,7.83554],[98.3773,7.83533],[98.37728,7.83509],[98.37731,7.83486],[98.37739,7.83465],[98.3775,7.83447],[98.37765,7.83429],[98.3778,7.83412],[98.37796,7.83395],[98.37811,7.83378],[98.37824,7.83359],[98.37834,7.83339],[98.37842,7.83318],[98.37847,7.83296],[98.37852,7.83274],[98.37857,7.83251],[98.37865,7.8323],[98.37876,7.8321],[98.37887,7.8319],[98.37897,7.8317],[98.37905,7.83149],[98.37911,7.83127],[98.37917,7.83105],[98.37923,7.83083],[98.37927,7.83061],[98.37931,7.83039],[98.37933,7.83016],[98.37934,7.82994],[98.37934,7.82971],[98.37933,7.82948],[98.37932,7.82926],[98.37931,7.82903],[98.3793,7.8288],[98.3793,7.82858],[98.3793,7.82835],[98.37933,7.82813],[98.37938,7.82791],[98.37946,7.82769],[98.37954,7.82748],[98.37963,7.82728],[98.37974,7.82707],[98.37984,7.82687],[98.37995,7.82667],[98.38004,7.82647],[98.38012,7.82626],[98.38019,7.82604],[98.38024,7.82582],[98.38029,7.8256],[98.38033,7.82537],[98.38039,7.82515],[98.38045,7.82494],[98.38053,7.82473],[98.38062,7.82452],[98.38071,7.82431],[98.38081,7.82411],[98.38091,7.82391],[98.38101,7.8237],[98.38111,7.8235],[98.38122,7.8233],[98.38132,7.8231],[98.38143,7.8229],[98.38154,7.8227],[98.38165,7.8225],[98.38176,7.8223],[98.38186,7.82211],[98.38197,7.82191],[98.38208,7.82171],[98.38218,7.82151],[98.38229,7.82131],[98.3824,7.82111],[98.38251,7.82091],[98.38262,7.82071],[98.38272,7.82051],[98.38283,7.82031],[98.38294,7.82011],[98.38305,7.81992],[98.38316,7.81972],[98.38327,7.81952],[98.38338,7.81932],[98.38348,7.81912],[98.38359,7.81892],[98.3837,7.81872],[98.38381,7.81852],[98.38392,7.81833],[98.38403,7.81813],[98.38414,7.81793],[98.38425,7.81773],[98.38436,7.81753],[98.38447,7.81734],[98.38457,7.81714],[98.38468,7.81694],[98.38479,7.81674],[98.38489,7.81653],[98.38499,7.81633],[98.38509,7.81613],[98.38518,7.81592],[98.38527,7.81572],[98.38536,7.81551],[98.38545,7.8153],[98.38554,7.81509],[98.38563,7.81488],[98.38571,7.81466],[98.38578,7.81445],[98.38586,7.81423],[98.38592,7.81402],[98.38598,7.8138],[98.38603,7.81358],[98.38607,7.81336],[98.38611,7.81314],[98.38613,7.81291],[98.38614,7.81269],[98.38614,7.81246],[98.38613,7.81223],[98.38612,7.812],[98.38609,7.81177],[98.38606,7.81155],[98.38603,7.81133],[98.38596,7.81112],[98.38586,7.81091],[98.38575,7.81071],[98.38564,7.81051],[98.38556,7.8103],[98.38547,7.81007],[98.38538,7.80983],[98.38532,7.8096],[98.38532,7.80939],[98.3854,7.80923],[98.38556,7.80909],[98.38577,7.80898],[98.38599,7.80887],[98.38621,7.80876],[98.3864,7.80863],[98.38659,7.8085],[98.38678,7.80837],[98.38696,7.80824],[98.38714,7.80809],[98.3873,7.80794],[98.38745,7.80777],[98.38758,7.80759],[98.3877,7.80739],[98.38781,7.80719],[98.38793,7.807],[98.38805,7.80681],[98.38819,7.80663],[98.38835,7.80646],[98.38854,7.80628],[98.38875,7.80611],[98.38895,7.80596],[98.38913,7.80586],[98.38928,7.80583],[98.38937,7.80595],[98.3894,7.80621],[98.3894,7.8065],[98.38938,7.80673],[98.38936,7.80695],[98.38932,7.80718],[98.38928,7.8074],[98.38924,7.80762],[98.3892,7.80785],[98.38919,7.80807],[98.38919,7.8083],[98.38922,7.80853],[98.38924,7.80876],[98.38925,7.80899],[98.38923,7.8092],[98.38912,7.80939],[98.38895,7.80955],[98.38879,7.80973],[98.38863,7.8099],[98.38848,7.81007],[98.3884,7.81026],[98.38841,7.81049],[98.38848,7.81072],[98.3886,7.81091],[98.38873,7.81109],[98.38887,7.81127],[98.38902,7.81144],[98.38917,7.81161],[98.38932,7.81179],[98.38947,7.81195],[98.38963,7.81212],[98.38978,7.8123],[98.38992,7.81247],[98.39006,7.81265],[98.39021,7.81284],[98.39035,7.81302],[98.3905,7.81319],[98.39066,7.81335],[98.39083,7.81348],[98.39102,7.81359],[98.39123,7.81367],[98.39144,7.81374],[98.39167,7.81379],[98.39189,7.81384],[98.39212,7.81388],[98.39235,7.81394],[98.39257,7.814],[98.39279,7.81407],[98.39301,7.81414],[98.39323,7.81422],[98.39343,7.81431],[98.39353,7.81445],[98.39345,7.81469],[98.39348,7.81488],[98.39371,7.81494],[98.39393,7.81492],[98.39416,7.8149],[98.39439,7.81488],[98.39461,7.81485],[98.39484,7.81482],[98.39507,7.81479],[98.39529,7.81477],[98.39553,7.81477],[98.39578,7.81476],[98.396,7.81473],[98.39617,7.81462],[98.3963,7.81445],[98.3964,7.81424],[98.39648,7.81401],[98.39655,7.81378],[98.3966,7.81356],[98.39662,7.81333],[98.39664,7.8131],[98.39666,7.81287],[98.39671,7.81265],[98.39681,7.81246],[98.39694,7.81229],[98.3971,7.81213],[98.39727,7.81198],[98.39745,7.81183],[98.39763,7.81168],[98.3978,7.81152],[98.39795,7.81136],[98.3981,7.81118],[98.39824,7.811],[98.39838,7.81082],[98.39853,7.81066],[98.3987,7.81052],[98.39892,7.81042],[98.39914,7.81034],[98.39933,7.81022],[98.39944,7.81004],[98.39949,7.80982],[98.39952,7.80958],[98.39953,7.80935],[98.3995,7.80912],[98.39947,7.80888],[98.39947,7.80866],[98.39954,7.80847],[98.3997,7.80831],[98.3999,7.80818],[98.40009,7.80805],[98.40028,7.80791],[98.40047,7.80778],[98.40066,7.80767],[98.40086,7.80757],[98.40107,7.8075],[98.40129,7.80744],[98.40152,7.80739],[98.40174,7.80734],[98.40196,7.80729],[98.40218,7.80724],[98.40241,7.80719],[98.40263,7.80714],[98.40285,7.8071],[98.40308,7.80705],[98.4033,7.80699],[98.40351,7.80693],[98.40372,7.80685],[98.40393,7.80676],[98.40413,7.80666],[98.40433,7.80655],[98.40453,7.80643],[98.40472,7.80631],[98.40491,7.80618],[98.40509,7.80604],[98.40527,7.8059],[98.40544,7.80575],[98.4056,7.8056],[98.40577,7.80544],[98.40592,7.80528],[98.40608,7.80511],[98.40623,7.80494],[98.40637,7.80476],[98.40651,7.80458],[98.40665,7.8044],[98.40677,7.80421],[98.40689,7.80402],[98.407,7.80383],[98.40711,7.80362],[98.4072,7.80342],[98.40729,7.80321],[98.40738,7.803],[98.40746,7.80278],[98.40754,7.80257],[98.40762,7.80236],[98.4077,7.80214],[98.40777,7.80192],[98.40782,7.8017],[98.40785,7.80148],[98.40785,7.80126],[98.40776,7.80104],[98.40765,7.80082],[98.40759,7.80062],[98.40769,7.80042],[98.40789,7.80028],[98.4081,7.80025],[98.40834,7.80027],[98.40857,7.80029],[98.40879,7.80025],[98.409,7.80014],[98.4092,7.80001],[98.4094,7.79989],[98.4096,7.79984],[98.4098,7.7999],[98.41,7.80003],[98.41017,7.8002],[98.41032,7.80037],[98.41044,7.80057],[98.41055,7.80077],[98.41067,7.80096],[98.41081,7.80115],[98.41096,7.80133],[98.41113,7.80147],[98.41133,7.80155],[98.41156,7.80158],[98.4118,7.8016],[98.41202,7.80164],[98.41219,7.80177],[98.4123,7.80198],[98.41228,7.80219],[98.41219,7.80241],[98.41217,7.80263],[98.41219,7.80286],[98.41219,7.80309],[98.41215,7.80333],[98.412,7.80344],[98.41176,7.80344],[98.41153,7.80341],[98.4113,7.80333],[98.41107,7.80328],[98.41089,7.80335],[98.41071,7.8035],[98.41057,7.8037],[98.41049,7.80391],[98.41045,7.80413],[98.41043,7.80436],[98.41042,7.80459],[98.4104,7.80482],[98.41035,7.80504],[98.41028,7.80525],[98.41018,7.80546],[98.41009,7.80566],[98.41,7.80587],[98.4099,7.80609],[98.40979,7.8063],[98.4097,7.80651],[98.40966,7.80672],[98.4097,7.80692],[98.40979,7.80713],[98.40991,7.80733],[98.41003,7.80753],[98.41013,7.80774],[98.41021,7.80796],[98.41029,7.80819],[98.41035,7.80842],[98.41036,7.80863],[98.41029,7.80882],[98.41012,7.809],[98.40992,7.80913],[98.40971,7.80918],[98.40947,7.80915],[98.40923,7.80913],[98.40903,7.80919],[98.40887,7.80934],[98.40873,7.80954],[98.40862,7.80974],[98.40853,7.80995],[98.40846,7.81017],[98.40838,7.81039],[98.40829,7.81059],[98.40816,7.81077],[98.40798,7.81093],[98.40779,7.81106],[98.40758,7.81115],[98.40736,7.81119],[98.40712,7.81116],[98.4069,7.81108],[98.40673,7.81095],[98.40658,7.81079],[98.40644,7.81061],[98.40631,7.81042],[98.40617,7.81023],[98.40602,7.81005],[98.40587,7.80987],[98.40571,7.80968],[98.40555,7.8095],[98.40538,7.80936],[98.4052,7.80929],[98.40499,7.80929],[98.40477,7.80936],[98.40454,7.80948],[98.40434,7.80961],[98.40417,7.80975],[98.404,7.8099],[98.40384,7.81006],[98.40368,7.81023],[98.40353,7.81041],[98.40339,7.81059],[98.40326,7.81077],[98.40314,7.81096],[98.40305,7.81117],[98.40298,7.81139],[98.4029,7.8116],[98.40282,7.81182],[98.40272,7.81201],[98.40257,7.81218],[98.4024,7.81232],[98.40221,7.81246],[98.40203,7.81261],[98.40185,7.81275],[98.40167,7.8129],[98.40153,7.81308],[98.40145,7.81327],[98.40139,7.81349],[98.40134,7.81371],[98.40131,7.81394],[98.40129,7.81417],[98.40127,7.8144],[98.40125,7.81462],[98.40124,7.81485],[98.40126,7.81508],[98.40129,7.8153],[98.40134,7.81553],[98.40139,7.81575],[98.40146,7.81597],[98.40155,7.81617],[98.40167,7.81637],[98.40182,7.81658],[98.40198,7.81675],[98.40215,7.81685],[98.40234,7.8168],[98.40255,7.81665],[98.40275,7.81652],[98.40294,7.81639],[98.40314,7.81626],[98.40333,7.81614],[98.40353,7.81605],[98.40377,7.81602],[98.404,7.81607],[98.40408,7.81624],[98.40407,7.81648],[98.40406,7.81672],[98.40409,7.81695],[98.40415,7.81717],[98.40422,7.81739],[98.40431,7.8176],[98.40442,7.8178],[98.40451,7.81801],[98.4045,7.81822],[98.40436,7.81842],[98.40417,7.81851],[98.40393,7.81853],[98.40351,7.81843],[98.40328,7.81847],[98.40306,7.81851],[98.40284,7.81857],[98.40264,7.81867],[98.40245,7.81879],[98.40227,7.81893],[98.40209,7.81908],[98.40191,7.81923],[98.40174,7.81939],[98.40159,7.81956],[98.40151,7.81975],[98.40155,7.81998],[98.40155,7.82021],[98.40147,7.82042],[98.40134,7.82061],[98.40119,7.82079],[98.40102,7.82093],[98.40083,7.82106],[98.40063,7.82119],[98.40046,7.82134],[98.40033,7.82151],[98.40024,7.82172],[98.40019,7.82194],[98.40015,7.82218],[98.40014,7.8224],[98.40014,7.82263],[98.40015,7.82285],[98.40017,7.82308],[98.40019,7.82331],[98.40022,7.82353],[98.40027,7.82376],[98.40032,7.82397],[98.40037,7.82419],[98.40044,7.82441],[98.40051,7.82462],[98.40059,7.82484],[98.40067,7.82505],[98.40075,7.82526],[98.40083,7.82547],[98.40091,7.82568],[98.401,7.8259],[98.40108,7.82611],[98.40116,7.82632],[98.40125,7.82653],[98.40134,7.82674],[98.40144,7.82694],[98.40154,7.82714],[98.40164,7.82734],[98.40176,7.82754],[98.40189,7.82773],[98.40204,7.82791],[98.40221,7.82806],[98.4024,7.82817],[98.40261,7.82823],[98.40284,7.82824],[98.40308,7.82826],[98.4033,7.82832],[98.40352,7.82838],[98.40375,7.82847],[98.40394,7.82858],[98.40409,7.82873],[98.40416,7.82894],[98.4042,7.82918],[98.40427,7.8294],[98.40442,7.82956],[98.4046,7.8297],[98.40479,7.82984],[98.40496,7.82999],[98.40508,7.83019],[98.40517,7.83041],[98.40519,7.83062],[98.40505,7.8308],[98.40484,7.83091],[98.40462,7.83094],[98.40438,7.83093],[98.40416,7.8309],[98.40394,7.83084],[98.40372,7.83078],[98.4035,7.83072],[98.40328,7.83068],[98.40305,7.83063],[98.40281,7.83059],[98.40258,7.83057],[98.40237,7.83059],[98.40217,7.83067],[98.40198,7.83079],[98.4018,7.83094],[98.40163,7.83112],[98.4015,7.83131],[98.40139,7.8315],[98.40129,7.83171],[98.4012,7.83192],[98.40112,7.83214],[98.40105,7.83237],[98.40101,7.83259],[98.40099,7.83281],[98.40099,7.83303],[98.40102,7.83325],[98.40108,7.83347],[98.40115,7.83369],[98.40123,7.83391],[98.40132,7.83412],[98.40142,7.83433],[98.40152,7.83453],[98.40164,7.83473],[98.40178,7.83493],[98.40193,7.8351],[98.4021,7.83525],[98.40229,7.83534],[98.4025,7.83538],[98.40273,7.83539],[98.40297,7.83538],[98.40321,7.83538],[98.40343,7.83541],[98.40365,7.83548],[98.40386,7.83556],[98.40407,7.83565],[98.40429,7.83572],[98.40451,7.83577],[98.40473,7.83581],[98.40496,7.83584],[98.40519,7.83585],[98.40541,7.83583],[98.40561,7.83573],[98.4058,7.83559],[98.40601,7.83551],[98.40623,7.83544],[98.40646,7.83537],[98.4067,7.83531],[98.40692,7.83527],[98.40714,7.83526],[98.40735,7.83529],[98.40753,7.83539],[98.40771,7.83555],[98.40787,7.83573],[98.40802,7.83592],[98.40814,7.83611],[98.40823,7.83633],[98.40835,7.83652],[98.40854,7.83659],[98.40878,7.83661],[98.409,7.83668],[98.40922,7.83675],[98.40944,7.83683],[98.40966,7.83692],[98.40986,7.83703],[98.41003,7.83715],[98.41015,7.83734],[98.41021,7.83759],[98.41019,7.83779],[98.40997,7.8379],[98.40979,7.83804],[98.40971,7.83824],[98.40971,7.83848],[98.40961,7.83868],[98.40944,7.83885],[98.40925,7.83894],[98.40903,7.83884],[98.4089,7.83864],[98.40878,7.83843],[98.40865,7.8383],[98.40846,7.83846],[98.4083,7.83863],[98.40812,7.83876],[98.4079,7.83882],[98.40769,7.83891],[98.40755,7.83908],[98.40736,7.83922],[98.40717,7.83934],[98.40697,7.83945],[98.40675,7.83954],[98.40656,7.83948],[98.40637,7.83933],[98.40619,7.83919],[98.40602,7.83903],[98.40585,7.83889],[98.40565,7.83877],[98.40542,7.83868],[98.40521,7.83867],[98.40502,7.83877],[98.40483,7.83892],[98.40465,7.83906],[98.40446,7.8392],[98.40427,7.83931],[98.40405,7.83939],[98.40383,7.83934],[98.40369,7.83918],[98.40356,7.839],[98.40343,7.8388],[98.40331,7.8386],[98.40317,7.83842],[98.40302,7.83825],[98.40283,7.83811],[98.40262,7.83799],[98.40241,7.83792],[98.4022,7.83795],[98.402,7.83808],[98.40184,7.83826],[98.40175,7.83846],[98.40172,7.8387],[98.40168,7.83893],[98.40157,7.8391],[98.40136,7.83916],[98.40111,7.83918],[98.40088,7.83919],[98.40065,7.83919],[98.40043,7.83918],[98.4002,7.83918],[98.39997,7.83918],[98.39975,7.83919],[98.39952,7.83922],[98.3993,7.83926],[98.39907,7.8393],[98.39885,7.83933],[98.39862,7.83936],[98.39839,7.8394],[98.39816,7.83944],[98.39793,7.83945],[98.39774,7.83939],[98.3976,7.83922],[98.39746,7.83901],[98.3973,7.83885],[98.3971,7.83871],[98.3969,7.83865],[98.39668,7.83871],[98.39648,7.83884],[98.39633,7.83902],[98.39629,7.83924],[98.39642,7.83942],[98.3966,7.83959],[98.39668,7.83979],[98.39669,7.84001],[98.39666,7.84024],[98.39661,7.84048],[98.39654,7.84069],[98.39643,7.84088],[98.39628,7.84104],[98.39609,7.84119],[98.39591,7.84133],[98.39574,7.84149],[98.39563,7.84167],[98.39558,7.84189],[98.39555,7.84213],[98.39553,7.84236],[98.39545,7.84255],[98.39524,7.84266],[98.3951,7.84283],[98.39503,7.84303],[98.39497,7.84326],[98.39492,7.84348],[98.39487,7.84371],[98.39483,7.84393],[98.39479,7.84415],[98.39477,7.84438],[98.39476,7.8446],[98.39479,7.84483],[98.39484,7.84505],[98.39488,7.84527],[98.39489,7.8455],[98.39485,7.84572],[98.39481,7.84594],[98.39484,7.84618],[98.39481,7.84639],[98.39467,7.84657],[98.3945,7.84674],[98.39435,7.84691],[98.39428,7.8471],[98.39433,7.84732],[98.3944,7.84755],[98.39439,7.84777],[98.39433,7.84799],[98.39427,7.84821],[98.39424,7.84844],[98.3942,7.84866],[98.39413,7.84888],[98.39398,7.84905],[98.39377,7.84917],[98.39359,7.84931],[98.39356,7.8495],[98.39361,7.84973],[98.39369,7.84996],[98.39383,7.85017],[98.39379,7.85034],[98.39363,7.85048],[98.39343,7.85062],[98.39323,7.85076],[98.39306,7.85091],[98.39293,7.8511],[98.39285,7.85131],[98.39278,7.85153],[98.39276,7.85176],[98.39278,7.85198],[98.39282,7.8522],[98.39286,7.85242],[98.39291,7.85265],[98.39296,7.85287],[98.39302,7.85309],[98.39308,7.85331],[98.39315,7.85352],[98.39323,7.85373],[98.39333,7.85394],[98.39343,7.85415],[98.39354,7.85435],[98.39363,7.85456],[98.39371,7.85477],[98.39377,7.85498],[98.3938,7.8552],[98.39381,7.85543],[98.3938,7.85566],[98.39377,7.85589],[98.39373,7.85612],[98.39368,7.85634],[98.3936,7.85655],[98.39349,7.85675],[98.39337,7.85695],[98.39324,7.85715],[98.39312,7.85735],[98.39302,7.85755],[98.39295,7.85775],[98.39292,7.85797],[98.39293,7.85818],[98.39297,7.8584],[98.39303,7.85863],[98.3931,7.85885],[98.39317,7.85908],[98.39324,7.8593],[98.3933,7.85952],[98.39337,7.85973],[98.39346,7.85995],[98.39354,7.86017],[98.39362,7.86038],[98.39369,7.8606],[98.39373,7.86082],[98.39374,7.86103],[98.39373,7.86125],[98.3937,7.86147],[98.39365,7.86169],[98.39358,7.86191],[98.39352,7.86213],[98.39345,7.86235],[98.39338,7.86257],[98.39332,7.86279],[98.39328,7.86302],[98.39324,7.86324],[98.3932,7.86347],[98.39317,7.86369],[98.39315,7.86392],[98.39315,7.86414],[98.39316,7.86437],[98.39319,7.8646],[98.39327,7.86483],[98.39339,7.86502],[98.39357,7.86511],[98.39379,7.86515],[98.39404,7.86516],[98.39427,7.8652],[98.39451,7.86529],[98.39456,7.86546],[98.39451,7.86569],[98.3944,7.86591],[98.39427,7.86609],[98.39411,7.86625],[98.39393,7.8664],[98.39375,7.86654],[98.39358,7.8667],[98.39344,7.86687],[98.39331,7.86705],[98.3932,7.86726],[98.39312,7.86747],[98.39306,7.86769],[98.39303,7.86791],[98.39301,7.86814],[98.39302,7.86837],[98.39303,7.8686],[98.39305,7.86884],[98.3931,7.86906],[98.3932,7.86924],[98.39337,7.8694],[98.39359,7.86951],[98.39381,7.86954],[98.39402,7.86951],[98.39424,7.86943],[98.39446,7.86933],[98.39466,7.86922],[98.39486,7.86909],[98.39504,7.86893],[98.39521,7.86876],[98.39539,7.86861],[98.39556,7.86849],[98.39574,7.86844],[98.39595,7.86856],[98.39612,7.86875],[98.39622,7.86896],[98.39618,7.86919],[98.39601,7.8693],[98.39579,7.86937],[98.39555,7.86944],[98.39534,7.86952],[98.39512,7.86959],[98.39491,7.86968],[98.39471,7.86978],[98.39438,7.87007],[98.3947,7.87016],[98.39492,7.87022],[98.39513,7.87028],[98.39535,7.87034],[98.39557,7.8704],[98.39579,7.87046],[98.39601,7.87052],[98.39623,7.87058],[98.39645,7.87065],[98.39667,7.87071],[98.39688,7.87077],[98.3971,7.87083],[98.39732,7.87089],[98.39754,7.87095],[98.39776,7.87101],[98.39797,7.87108],[98.39819,7.87114],[98.39841,7.8712],[98.39863,7.87127],[98.39884,7.87134],[98.39906,7.8714],[98.39927,7.87147],[98.39949,7.87155],[98.3997,7.87162],[98.39992,7.87169],[98.40013,7.87177],[98.40035,7.87184],[98.40056,7.87192],[98.40077,7.872],[98.40098,7.87208],[98.40119,7.87217],[98.4014,7.87225],[98.40161,7.87234],[98.40182,7.87243],[98.40203,7.87252],[98.40224,7.87261],[98.40245,7.8727],[98.40265,7.87279],[98.40286,7.87288],[98.40307,7.87297],[98.40327,7.87307],[98.40348,7.87316],[98.40369,7.87326],[98.40389,7.87335],[98.4041,7.87345],[98.4043,7.87354],[98.40451,7.87364],[98.40471,7.87374],[98.40492,7.87383],[98.40512,7.87393],[98.40533,7.87403],[98.40553,7.87413],[98.40573,7.87423],[98.40594,7.87433],[98.40614,7.87443],[98.40634,7.87453],[98.40655,7.87463],[98.40675,7.87473],[98.40695,7.87484],[98.40715,7.87494],[98.40736,7.87504],[98.40757,7.87514],[98.40778,7.87524],[98.40799,7.87533],[98.40821,7.87543],[98.40842,7.87553],[98.40863,7.87564],[98.40883,7.87574],[98.40904,7.87585],[98.40924,7.87596],[98.40943,7.87607],[98.40962,7.87619],[98.4098,7.87632],[98.40997,7.87645],[98.41013,7.87659],[98.41028,7.87674],[98.41039,7.87692],[98.41046,7.87713],[98.41052,7.87736],[98.41055,7.8776],[98.41059,7.87784],[98.41063,7.87807],[98.41068,7.8783],[98.41085,7.87814],[98.41101,7.87799],[98.41118,7.87784],[98.41134,7.87767],[98.41144,7.87747],[98.41155,7.87727],[98.41175,7.87721],[98.41198,7.87716],[98.4122,7.87712],[98.41243,7.87713],[98.41265,7.87717],[98.41286,7.87726],[98.41305,7.87738],[98.41323,7.87752],[98.4134,7.87766],[98.41358,7.87781],[98.41377,7.87794],[98.41395,7.87807],[98.41414,7.8782],[98.41432,7.87833],[98.4145,7.87847],[98.41468,7.87862],[98.41485,7.87876],[98.41503,7.87891],[98.41521,7.87903],[98.41541,7.87914],[98.41562,7.87924],[98.41583,7.87932],[98.41605,7.87938],[98.41629,7.8794],[98.41653,7.87939],[98.41673,7.87931],[98.41686,7.87914],[98.41695,7.87893],[98.41702,7.8787],[98.41707,7.87847],[98.41709,7.87825],[98.41709,7.87802],[98.41708,7.87779],[98.41706,7.87757],[98.41705,7.87734],[98.41704,7.87711],[98.41703,7.87688],[98.41702,7.87666],[98.417,7.87643],[98.41698,7.87621],[98.41694,7.87598],[98.41688,7.87577],[98.41681,7.87556],[98.41673,7.87535],[98.41663,7.87514],[98.41653,7.87493],[98.41644,7.87473],[98.41634,7.87452],[98.41625,7.87431],[98.41615,7.87411],[98.41604,7.8739],[98.41595,7.8737],[98.41588,7.87348],[98.41585,7.87327],[98.41584,7.87304],[98.41585,7.87281],[98.41587,7.87258],[98.41588,7.87236],[98.41591,7.87213],[98.41593,7.87191],[98.41596,7.87168],[98.41598,7.87146],[98.41599,7.87123],[98.41599,7.87099],[98.41595,7.87072],[98.41591,7.87044],[98.41588,7.87018],[98.41587,7.86997],[98.4159,7.86983],[98.41598,7.86981],[98.41615,7.86991],[98.41635,7.8701],[98.41655,7.87032],[98.41671,7.87052],[98.41685,7.8707],[98.41697,7.87089],[98.41708,7.87109],[98.41719,7.87128],[98.41731,7.87148],[98.41742,7.87168],[98.41754,7.87187],[98.41767,7.87206],[98.41781,7.87224],[98.41795,7.87241],[98.4181,7.87258],[98.41826,7.87275],[98.41841,7.87291],[98.41856,7.87308],[98.41871,7.87326],[98.41884,7.87344],[98.41895,7.87364],[98.41907,7.87385],[98.41919,7.87404],[98.41934,7.87421],[98.41951,7.87434],[98.4197,7.87446],[98.4199,7.87457],[98.4201,7.87467],[98.42031,7.87477],[98.42052,7.87486],[98.42074,7.87495],[98.42096,7.87502],[98.42118,7.87509],[98.42139,7.87514],[98.42161,7.87518],[98.42184,7.87519],[98.42206,7.8752],[98.4223,7.87519],[98.42253,7.87517],[98.42275,7.87515],[98.42298,7.87513],[98.42321,7.87511],[98.42343,7.87507],[98.42365,7.87503],[98.42388,7.87499],[98.4241,7.87495],[98.42432,7.87491],[98.42455,7.87488],[98.42478,7.87487],[98.42503,7.87489],[98.42527,7.87492],[98.42551,7.87494],[98.42573,7.87493],[98.42592,7.87486],[98.42607,7.87474],[98.42618,7.87456],[98.42626,7.87434],[98.42633,7.8741],[98.42641,7.87387],[98.42651,7.87365],[98.42664,7.87348],[98.42681,7.87333],[98.427,7.87319],[98.4272,7.87307],[98.4274,7.87297],[98.42762,7.87288],[98.42786,7.87281],[98.42809,7.87275],[98.42832,7.87268],[98.42852,7.87259],[98.42868,7.87248],[98.42879,7.87232],[98.42882,7.87211],[98.42879,7.87186],[98.42876,7.87161],[98.42873,7.87137],[98.42865,7.87112],[98.42861,7.8709],[98.42873,7.87078],[98.42894,7.8707],[98.42918,7.87065],[98.42943,7.87061],[98.42965,7.87055],[98.42987,7.87049],[98.4301,7.87044],[98.43032,7.87039],[98.43055,7.87035],[98.43077,7.8703],[98.43099,7.87024],[98.43121,7.87019],[98.43143,7.87012],[98.43164,7.87005],[98.43185,7.86997],[98.43204,7.86988],[98.43222,7.86974],[98.43238,7.86956],[98.43251,7.86936],[98.43262,7.86916],[98.4327,7.86896],[98.43276,7.86874],[98.43282,7.86852],[98.43287,7.8683],[98.43292,7.86808],[98.43296,7.86785],[98.43301,7.86763],[98.43306,7.8674],[98.43309,7.86715],[98.43313,7.86691],[98.43319,7.86671],[98.43331,7.86656],[98.43351,7.86651],[98.43376,7.86651],[98.43401,7.86653],[98.43424,7.86652],[98.43447,7.86654],[98.4347,7.86655],[98.43493,7.86656],[98.43516,7.86655],[98.43537,7.86651],[98.43559,7.86643],[98.4358,7.86633],[98.43601,7.86622],[98.43622,7.8661],[98.43643,7.866],[98.43664,7.86593],[98.43684,7.86589],[98.43705,7.8659],[98.43727,7.86596],[98.43749,7.86605],[98.43771,7.86617],[98.4379,7.8663],[98.43808,7.86644],[98.43823,7.86661],[98.43835,7.86684],[98.43839,7.86708],[98.43834,7.86726],[98.43819,7.86741],[98.43799,7.86754],[98.43778,7.86767],[98.43758,7.86781],[98.43737,7.86793],[98.43717,7.86807],[98.43706,7.86824],[98.43705,7.86844],[98.43709,7.86867],[98.43716,7.8689],[98.43724,7.86913],[98.43735,7.86934],[98.43749,7.86954],[98.4376,7.86973],[98.43759,7.86992],[98.4374,7.87009],[98.43718,7.87012],[98.43695,7.87007],[98.43671,7.87],[98.43649,7.86994],[98.43628,7.86992],[98.43614,7.87005],[98.43606,7.8703],[98.43588,7.87043],[98.43565,7.87047],[98.43543,7.87041],[98.43522,7.87032],[98.43502,7.8702],[98.43481,7.8701],[98.4346,7.87004],[98.43438,7.87003],[98.43415,7.87004],[98.43392,7.87006],[98.43369,7.87011],[98.43346,7.87017],[98.43325,7.87024],[98.43305,7.87034],[98.43285,7.87046],[98.43266,7.8706],[98.43249,7.87076],[98.43233,7.87093],[98.4322,7.87112],[98.43211,7.87131],[98.43209,7.87153],[98.43211,7.87177],[98.43213,7.87201],[98.43212,7.87223],[98.43202,7.87241],[98.43183,7.87254],[98.43163,7.87268],[98.43153,7.87288],[98.43145,7.87309],[98.43125,7.8732],[98.43105,7.8733],[98.43094,7.87349],[98.43085,7.87371],[98.43074,7.8739],[98.43055,7.87403],[98.43032,7.87406],[98.43009,7.87397],[98.42986,7.87388],[98.42969,7.87393],[98.42956,7.8741],[98.42946,7.87433],[98.42939,7.87457],[98.42937,7.8748],[98.42935,7.87502],[98.42934,7.87525],[98.42933,7.87547],[98.42932,7.8757],[98.42932,7.87593],[98.42932,7.87616],[98.42933,7.87639],[98.42935,7.87662],[98.42938,7.87684],[98.42941,7.87706],[98.42945,7.87728],[98.4295,7.87751],[98.42955,7.87774],[98.42962,7.87797],[98.4297,7.8782],[98.42979,7.87842],[98.42988,7.87863],[98.42999,7.87883],[98.43011,7.879],[98.43024,7.87916],[98.43042,7.87928],[98.43065,7.87935],[98.43091,7.87938],[98.43116,7.87936],[98.43137,7.8793],[98.43152,7.87918],[98.43164,7.87897],[98.43174,7.87873],[98.43184,7.87851],[98.43197,7.87834],[98.43217,7.87831],[98.43241,7.87838],[98.43264,7.87841],[98.43286,7.87833],[98.43307,7.8782],[98.43328,7.87806],[98.43348,7.87796],[98.43367,7.87795],[98.43385,7.87804],[98.43402,7.87819],[98.43418,7.87839],[98.43432,7.87859],[98.43445,7.87879],[98.43455,7.87898],[98.43465,7.87919],[98.43473,7.87941],[98.43482,7.87962],[98.43492,7.87982],[98.43503,7.88002],[98.43517,7.88019],[98.43532,7.88036],[98.43548,7.88052],[98.43564,7.88068],[98.43581,7.88083],[98.43598,7.88098],[98.43616,7.88113],[98.43633,7.88127],[98.43651,7.88142],[98.43669,7.88155],[98.43688,7.88169],[98.43706,7.88182],[98.43725,7.88195],[98.43744,7.88207],[98.43764,7.88219],[98.43784,7.8823],[98.43804,7.8824],[98.43824,7.8825],[98.43845,7.88259],[98.43867,7.88266],[98.43891,7.88272],[98.43914,7.88276],[98.43937,7.88277],[98.43957,7.88274],[98.43977,7.88264],[98.43995,7.88249],[98.44011,7.8823],[98.44023,7.88211],[98.44032,7.88191],[98.44037,7.88168],[98.44041,7.88145],[98.44046,7.88123],[98.44055,7.88103],[98.44074,7.8809],[98.44091,7.88075],[98.44101,7.88054],[98.44109,7.88032],[98.44121,7.88014],[98.4414,7.88001],[98.44162,7.87988],[98.44185,7.8798],[98.44207,7.87978],[98.44226,7.87984],[98.44245,7.87993],[98.44264,7.88006],[98.44283,7.8802],[98.44301,7.88037],[98.44318,7.88054],[98.44333,7.88071],[98.44347,7.88089],[98.44356,7.88108],[98.44361,7.88131],[98.44363,7.88155],[98.44365,7.88178],[98.44366,7.88201],[98.44366,7.88223],[98.44364,7.88246],[98.44358,7.88267],[98.44353,7.8829],[98.44353,7.88315],[98.4436,7.88333],[98.44382,7.88334],[98.44406,7.88329],[98.44428,7.8832],[98.44449,7.88327],[98.44465,7.88344],[98.44469,7.88365],[98.44467,7.88389],[98.44461,7.88411],[98.44453,7.88432],[98.44443,7.88452],[98.44432,7.88472],[98.44421,7.88492],[98.44411,7.88512],[98.44401,7.88533],[98.44391,7.88553],[98.44381,7.88574],[98.44374,7.88595],[98.4437,7.88617],[98.44369,7.8864],[98.44369,7.88663],[98.44369,7.88685],[98.44367,7.88708],[98.44364,7.88731],[98.4436,7.88754],[98.44355,7.88776],[98.44348,7.88797],[98.44334,7.88813],[98.44311,7.8882],[98.44288,7.88819],[98.44265,7.88814],[98.44246,7.88802],[98.4423,7.88787],[98.44214,7.8877],[98.44196,7.88755],[98.44177,7.88743],[98.44156,7.8873],[98.44135,7.8872],[98.44114,7.88717],[98.44094,7.88721],[98.44073,7.88731],[98.44052,7.88744],[98.44033,7.88759],[98.44017,7.88775],[98.44005,7.88793],[98.43994,7.88813],[98.43985,7.88834],[98.43974,7.88855],[98.43963,7.88874],[98.43949,7.88892],[98.43934,7.8891],[98.43921,7.88928],[98.43908,7.88947],[98.43899,7.88967],[98.43892,7.88989],[98.43887,7.89011],[98.4388,7.89033],[98.43873,7.89054],[98.43866,7.89076],[98.4386,7.89098],[98.43855,7.8912],[98.4385,7.89142],[98.43847,7.89164],[98.43845,7.89187],[98.43844,7.89209],[98.43849,7.89231],[98.43856,7.89253],[98.43859,7.89276],[98.43858,7.89298],[98.43855,7.89321],[98.43847,7.89342],[98.4383,7.89358],[98.43824,7.89378],[98.43823,7.89402],[98.43816,7.89423],[98.43804,7.89442],[98.43789,7.8946],[98.43775,7.89478],[98.43769,7.89499],[98.43766,7.89522],[98.43763,7.89544],[98.43759,7.89566],[98.43752,7.89588],[98.43748,7.8961],[98.43754,7.89632],[98.43755,7.89654],[98.43754,7.89677],[98.43751,7.897],[98.43749,7.89722],[98.43753,7.89744],[98.43758,7.89766],[98.43763,7.89788],[98.43769,7.8981],[98.43775,7.89832],[98.43782,7.89854],[98.43788,7.89875],[98.43794,7.89897],[98.438,7.89919],[98.43805,7.89941],[98.43811,7.89963],[98.43816,7.89985],[98.43822,7.90007],[98.43828,7.90029],[98.43833,7.90051],[98.43839,7.90073],[98.43844,7.90095],[98.4385,7.90117],[98.43859,7.90152],[98.43867,7.90173],[98.43874,7.90194],[98.43882,7.90215],[98.4389,7.90236],[98.43898,7.90258],[98.43906,7.90279],[98.43914,7.903],[98.43922,7.90321],[98.4393,7.90342],[98.43938,7.90364],[98.43946,7.90385],[98.43954,7.90406],[98.43962,7.90427],[98.4397,7.90448],[98.43978,7.90469],[98.43987,7.9049],[98.43997,7.9051],[98.44009,7.9053],[98.44024,7.90547],[98.44038,7.90565],[98.4405,7.90584],[98.44059,7.90605],[98.44065,7.90626],[98.4407,7.90649],[98.44074,7.90671],[98.44077,7.90694],[98.44076,7.90716],[98.44073,7.90739],[98.44071,7.90762],[98.44073,7.90784],[98.44078,7.90806],[98.44084,7.90827],[98.44092,7.90849],[98.44099,7.9087],[98.44105,7.90892],[98.44111,7.90914],[98.44115,7.90936],[98.4412,7.90959],[98.44124,7.90981],[98.44127,7.91003],[98.44128,7.91026],[98.44127,7.91048],[98.44125,7.91071],[98.44122,7.91093],[98.44118,7.91116],[98.44113,7.91138],[98.44108,7.91161],[98.44107,7.91183],[98.44112,7.91205],[98.44121,7.91226],[98.44133,7.91245],[98.4415,7.91261],[98.44169,7.91276],[98.4418,7.91294],[98.44181,7.91316],[98.44177,7.9134],[98.44172,7.91362],[98.44167,7.91384],[98.44163,7.91406],[98.44162,7.91429],[98.44161,7.91451],[98.44161,7.91474],[98.44161,7.91497],[98.44162,7.9152],[98.44164,7.91543],[98.44158,7.91563],[98.44138,7.91576],[98.44116,7.91583],[98.44094,7.91586],[98.44071,7.91583],[98.44049,7.91578],[98.44027,7.91571],[98.44006,7.91563],[98.43986,7.91553],[98.43966,7.91542],[98.43947,7.9153],[98.43928,7.91516],[98.43911,7.91502],[98.43894,7.91487],[98.43879,7.9147],[98.43866,7.91451],[98.43853,7.91432],[98.43838,7.91415],[98.43819,7.91405],[98.43796,7.91399],[98.43774,7.91395],[98.43751,7.91393],[98.43728,7.91391],[98.43706,7.91387],[98.43685,7.9138],[98.43664,7.91371],[98.43643,7.91361],[98.43624,7.91349],[98.43605,7.91337],[98.43587,7.91322],[98.43569,7.91308],[98.43551,7.91294],[98.43532,7.91282],[98.43512,7.91272],[98.43491,7.91263],[98.4347,7.91256],[98.43448,7.91249],[98.43426,7.91242],[98.43404,7.91236],[98.43382,7.9123],[98.4336,7.91225],[98.43338,7.9122],[98.43316,7.91215],[98.43294,7.91209],[98.43272,7.91202],[98.43249,7.91195],[98.43227,7.91187],[98.43208,7.91176],[98.43193,7.91162],[98.43181,7.91143],[98.43172,7.91122],[98.43165,7.91099],[98.43159,7.91077],[98.43154,7.91055],[98.43149,7.91032],[98.43146,7.9101],[98.43142,7.90988],[98.43139,7.90965],[98.43136,7.90943],[98.43133,7.9092],[98.4313,7.90898],[98.43127,7.90876],[98.43123,7.90853],[98.43119,7.90831],[98.43115,7.90809],[98.43111,7.90786],[98.43107,7.90764],[98.43103,7.90742],[98.43098,7.9072],[98.43094,7.90698],[98.43089,7.90676],[98.43083,7.90654],[98.43078,7.90632],[98.43073,7.9061],[98.43067,7.90588],[98.43061,7.90566],[98.43055,7.90544],[98.43048,7.90522],[98.43041,7.90501],[98.43034,7.90479],[98.43027,7.90458],[98.43019,7.90437],[98.4301,7.90415],[98.43001,7.90394],[98.42992,7.90373],[98.42981,7.90354],[98.4297,7.90335],[98.42955,7.90318],[98.42935,7.90305],[98.42914,7.90298],[98.42891,7.90295],[98.42868,7.90295],[98.42845,7.90295],[98.42823,7.90292],[98.42803,7.90282],[98.42789,7.90263],[98.42785,7.90241],[98.42784,7.90218],[98.42785,7.90195],[98.42787,7.90173],[98.42791,7.9015],[98.42794,7.90128],[98.42796,7.90105],[98.42797,7.90082],[98.42797,7.9006],[98.42797,7.90037],[98.42794,7.90015],[98.4279,7.89992],[98.42785,7.8997],[98.42778,7.89948],[98.42771,7.89926],[98.42762,7.89906],[98.42746,7.89892],[98.42732,7.89906],[98.42724,7.89929],[98.42704,7.8994],[98.42683,7.89935],[98.42669,7.89917],[98.42654,7.89897],[98.42637,7.89876],[98.42625,7.89881],[98.42614,7.899],[98.42604,7.89923],[98.42598,7.89948],[98.42595,7.8997],[98.42593,7.89993],[98.42591,7.90015],[98.4259,7.90038],[98.4259,7.90061],[98.4259,7.90083],[98.4259,7.90106],[98.42591,7.90129],[98.42592,7.90152],[98.42593,7.90174],[98.42596,7.90197],[98.42599,7.90219],[98.42604,7.90242],[98.42609,7.90265],[98.42614,7.90287],[98.42617,7.90309],[98.42619,7.90331],[98.42615,7.90354],[98.42599,7.90374],[98.42582,7.90371],[98.42564,7.90358],[98.42546,7.9034],[98.4253,7.90322],[98.42515,7.90305],[98.42501,7.90287],[98.42488,7.90268],[98.42476,7.90249],[98.42463,7.90231],[98.42452,7.90211],[98.4244,7.90191],[98.42425,7.90174],[98.42405,7.90156],[98.42386,7.90146],[98.42371,7.90153],[98.42358,7.90175],[98.42351,7.902],[98.42355,7.9022],[98.42368,7.90239],[98.42383,7.90259],[98.42396,7.90277],[98.4241,7.90295],[98.42425,7.90313],[98.42438,7.90332],[98.42449,7.90351],[98.42458,7.90373],[98.42459,7.90399],[98.42449,7.90413],[98.42428,7.90416],[98.42402,7.90414],[98.42378,7.90415],[98.42359,7.90425],[98.42341,7.9044],[98.42325,7.90456],[98.42308,7.90472],[98.4229,7.90486],[98.4227,7.90497],[98.42249,7.90507],[98.42227,7.90516],[98.42206,7.90522],[98.42184,7.90526],[98.42161,7.90519],[98.42139,7.90506],[98.42125,7.9051],[98.42124,7.90534],[98.42117,7.90557],[98.42106,7.90577],[98.42094,7.90597],[98.42081,7.90616],[98.42066,7.90633],[98.4205,7.90649],[98.42032,7.90662],[98.42014,7.90675],[98.41995,7.90687],[98.41975,7.90699],[98.41955,7.9071],[98.41935,7.9072],[98.41915,7.90731],[98.41895,7.90742],[98.41875,7.90753],[98.41855,7.90764],[98.41836,7.90776],[98.41817,7.90789],[98.41798,7.90802],[98.4178,7.90816],[98.41762,7.9083],[98.41743,7.90843],[98.41724,7.90855],[98.41705,7.90867],[98.41685,7.90877],[98.41663,7.90885],[98.4164,7.90889],[98.41618,7.90888],[98.41594,7.90879],[98.41571,7.90865],[98.41552,7.90856],[98.41544,7.90861],[98.41549,7.90884],[98.41559,7.90911],[98.41567,7.90933],[98.41578,7.90954],[98.41589,7.90976],[98.41596,7.90997],[98.41597,7.91018],[98.41592,7.91038],[98.41583,7.91058],[98.41571,7.91078],[98.41557,7.91098],[98.41544,7.91118],[98.41532,7.91137],[98.41521,7.91157],[98.41509,7.91176],[98.41496,7.91195],[98.41484,7.91214],[98.41472,7.91233],[98.41459,7.91252],[98.41447,7.91271],[98.41437,7.91292],[98.41425,7.91312],[98.41408,7.91324],[98.41385,7.91329],[98.41362,7.91327],[98.41341,7.91317],[98.4132,7.91306],[98.41299,7.91308],[98.41279,7.91318],[98.41259,7.9133],[98.41239,7.91342],[98.41218,7.9135],[98.41196,7.91355],[98.41173,7.91359],[98.41151,7.91364],[98.41139,7.91376],[98.41154,7.91393],[98.41174,7.91407],[98.41194,7.91418],[98.41216,7.91426],[98.41237,7.91435],[98.41258,7.91445],[98.41276,7.91457],[98.41293,7.91473],[98.41309,7.9149],[98.41325,7.91508],[98.41337,7.91528],[98.41347,7.91548],[98.41351,7.91568],[98.41349,7.9159],[98.41341,7.91613],[98.41329,7.91635],[98.41316,7.91652],[98.413,7.91668],[98.41283,7.91683],[98.41265,7.91697],[98.41246,7.91711],[98.41227,7.91723],[98.41207,7.91735],[98.41187,7.91746],[98.41166,7.91755],[98.41145,7.91763],[98.41123,7.9177],[98.41102,7.91778],[98.41081,7.91787],[98.41059,7.91798],[98.41042,7.91814],[98.4105,7.91829],[98.41072,7.91842],[98.41091,7.91856],[98.41109,7.9187],[98.41127,7.91883],[98.41145,7.91897],[98.41163,7.91911],[98.41181,7.91924],[98.412,7.91938],[98.41218,7.91951],[98.41237,7.91964],[98.41256,7.91977],[98.41277,7.91989],[98.41297,7.92],[98.41318,7.92013],[98.41337,7.92025],[98.41354,7.92039],[98.41369,7.92054],[98.41382,7.92071],[98.41391,7.9209],[98.41397,7.92113],[98.414,7.92136],[98.414,7.9216],[98.41399,7.92184],[98.41395,7.92207],[98.41391,7.92228],[98.41385,7.9225],[98.41379,7.92272],[98.41372,7.92293],[98.41364,7.92314],[98.41356,7.92336],[98.41348,7.92357],[98.4134,7.92379],[98.41332,7.924],[98.41324,7.92421],[98.41317,7.92443],[98.4131,7.92465],[98.41304,7.92486],[98.41298,7.92508],[98.41292,7.9253],[98.41286,7.92552],[98.41281,7.92574],[98.41276,7.92596],[98.41271,7.92618],[98.41266,7.9264],[98.41262,7.92662],[98.41259,7.92685],[98.41255,7.92707],[98.41252,7.92729],[98.41247,7.92752],[98.41242,7.92774],[98.41237,7.92796],[98.41231,7.92818],[98.41224,7.9284],[98.41218,7.92861],[98.4121,7.92882],[98.41186,7.92909],[98.41169,7.92924],[98.41152,7.92938],[98.41135,7.92953],[98.41117,7.92968],[98.41099,7.92981],[98.4108,7.92994],[98.41061,7.93007],[98.41043,7.93021],[98.41028,7.93037],[98.41015,7.93055],[98.41003,7.93074],[98.40993,7.93094],[98.40982,7.93115],[98.40972,7.93135],[98.40961,7.93155],[98.4095,7.93175],[98.40938,7.93194],[98.40925,7.93213],[98.4091,7.9323],[98.40895,7.93246],[98.40878,7.93262],[98.40861,7.93277],[98.40845,7.93293],[98.40829,7.93309],[98.40814,7.93326],[98.40801,7.93344],[98.40789,7.93364],[98.40778,7.93383],[98.40767,7.93403],[98.40756,7.93423],[98.40744,7.93443],[98.40733,7.93462],[98.40722,7.93482],[98.40713,7.93503],[98.40706,7.93524],[98.40705,7.93547],[98.40705,7.9357],[98.40701,7.93592],[98.40693,7.93616],[98.40681,7.93638],[98.40669,7.93651],[98.40653,7.93639],[98.40637,7.93618],[98.40626,7.93597],[98.40615,7.93575],[98.40604,7.93554],[98.40591,7.93538],[98.40573,7.93528],[98.40551,7.93521],[98.40527,7.93517],[98.40503,7.93516],[98.40479,7.93519],[98.40458,7.93525],[98.40438,7.93533],[98.40418,7.93543],[98.40398,7.93554],[98.40379,7.93567],[98.4036,7.93581],[98.40341,7.93595],[98.40324,7.9361],[98.40306,7.93624],[98.4029,7.9364],[98.40273,7.93655],[98.40257,7.93672],[98.40241,7.93689],[98.40227,7.93706],[98.40213,7.93724],[98.402,7.93743],[98.40188,7.93762],[98.40179,7.93782],[98.40172,7.93803],[98.40167,7.93826],[98.40163,7.93849],[98.40158,7.93871],[98.4015,7.93892],[98.4014,7.93912],[98.40126,7.9393],[98.40111,7.93947],[98.40094,7.93963],[98.40076,7.93976],[98.40056,7.93989],[98.40036,7.94001],[98.40018,7.94014],[98.40002,7.94029],[98.3999,7.94047],[98.39982,7.94068],[98.39975,7.9409],[98.39969,7.94113],[98.3996,7.94134],[98.39951,7.94156],[98.39942,7.94178],[98.39931,7.94197],[98.39916,7.94212],[98.39895,7.94219],[98.39871,7.94221],[98.39848,7.94223],[98.39823,7.9422],[98.39804,7.94225],[98.39795,7.94245],[98.39789,7.94269],[98.39775,7.94285],[98.39756,7.94297],[98.39734,7.94307],[98.39712,7.94314],[98.39688,7.94317],[98.39663,7.94317],[98.39644,7.94323],[98.39638,7.94341],[98.39642,7.94367],[98.39648,7.94389],[98.39656,7.94411],[98.39665,7.94433],[98.39672,7.94454],[98.39675,7.94476],[98.39672,7.94498],[98.39668,7.94519],[98.39662,7.94541],[98.39654,7.94562],[98.39646,7.94584],[98.39638,7.94606],[98.39631,7.94627],[98.39624,7.94649],[98.3962,7.94671],[98.39616,7.94694],[98.39614,7.94716],[98.39612,7.94739],[98.39611,7.94761],[98.3961,7.94784],[98.39609,7.94807],[98.39608,7.94829],[98.39608,7.94852],[98.39607,7.94875],[98.39606,7.94897],[98.39606,7.9492],[98.39606,7.94943],[98.39607,7.94966],[98.39607,7.94988],[98.39607,7.95011],[98.39605,7.95033],[98.39602,7.95055],[98.39597,7.95078],[98.39591,7.951],[98.39582,7.95121],[98.39571,7.95142],[98.39559,7.9516],[98.39543,7.95177],[98.39525,7.95193],[98.39505,7.95209],[98.39485,7.95222],[98.39467,7.95232],[98.39452,7.95234],[98.39445,7.95207],[98.39443,7.95184],[98.39441,7.95161],[98.39442,7.95139],[98.39447,7.95117],[98.39458,7.95096],[98.39458,7.95074],[98.39454,7.95052],[98.39457,7.95028],[98.39467,7.95009],[98.3949,7.95011],[98.39511,7.95002],[98.3952,7.94982],[98.39524,7.94958],[98.39519,7.94938],[98.39502,7.94922],[98.39481,7.9491],[98.39459,7.94904],[98.39437,7.94906],[98.39417,7.94917],[98.394,7.94934],[98.3939,7.94953],[98.3938,7.94974],[98.39367,7.94995],[98.39348,7.94998],[98.39327,7.94985],[98.39324,7.94963],[98.39319,7.94942],[98.39298,7.94932],[98.39275,7.94929],[98.39252,7.94933],[98.3923,7.94941],[98.39211,7.94953],[98.39192,7.94971],[98.39188,7.9499],[98.39195,7.95011],[98.39209,7.95032],[98.39226,7.95048],[98.39246,7.95054],[98.39271,7.95055],[98.39293,7.95059],[98.3931,7.95073],[98.39322,7.95092],[98.39336,7.95111],[98.39354,7.95124],[98.39375,7.95132],[98.39395,7.95143],[98.39412,7.9516],[98.39409,7.9518],[98.39399,7.95202],[98.39392,7.95224],[98.39386,7.95246],[98.3939,7.95267],[98.39401,7.95287],[98.39414,7.95306],[98.39428,7.95325],[98.39442,7.95344],[98.39452,7.95363],[98.3945,7.95388],[98.39435,7.95397],[98.39411,7.95389],[98.39389,7.95381],[98.39367,7.95375],[98.39345,7.95396],[98.39325,7.95403],[98.39318,7.95426],[98.39321,7.95447],[98.39334,7.95466],[98.3935,7.95485],[98.3936,7.95516],[98.39362,7.95537],[98.3935,7.95556],[98.3933,7.9557],[98.39307,7.95577],[98.39285,7.95583],[98.39273,7.95599],[98.39271,7.95623],[98.39276,7.95645],[98.3929,7.95662],[98.39308,7.95677],[98.39325,7.95693],[98.39344,7.95708],[98.39362,7.95724],[98.39375,7.95741],[98.39381,7.95761],[98.39385,7.95783],[98.39387,7.95806],[98.39388,7.95829],[98.39388,7.95852],[98.39387,7.95875],[98.39385,7.95898],[98.39382,7.95921],[98.39378,7.95943],[98.39372,7.95965],[98.39366,7.95986],[98.39358,7.96007],[98.3935,7.96029],[98.39341,7.9605],[98.39333,7.96071],[98.39325,7.96092],[98.39317,7.96114],[98.3931,7.96135],[98.39304,7.96157],[98.39299,7.96179],[98.39294,7.96201],[98.39289,7.96223],[98.39286,7.96245],[98.39282,7.96268],[98.39278,7.9629],[98.39275,7.96313],[98.39272,7.96335],[98.3927,7.96358],[98.39267,7.9638],[98.39265,7.96403],[98.39263,7.96425],[98.39261,7.96448],[98.3926,7.9647],[98.39258,7.96493],[98.39257,7.96515],[98.39256,7.96538],[98.39255,7.96561],[98.39254,7.96583],[98.39253,7.96606],[98.39252,7.96628],[98.39251,7.96651],[98.39251,7.96674],[98.3925,7.96696],[98.3925,7.96719],[98.39249,7.96742],[98.39247,7.96764],[98.39241,7.96786],[98.39233,7.96807],[98.39225,7.96829],[98.39219,7.96852],[98.39241,7.96885]]],[[[98.45159,7.96398],[98.45178,7.96411],[98.45194,7.96427],[98.45208,7.96446],[98.45219,7.96465],[98.45227,7.96486],[98.45227,7.96509],[98.45227,7.96532],[98.45235,7.96552],[98.45249,7.96571],[98.45262,7.96589],[98.45272,7.9661],[98.45281,7.96631],[98.45288,7.96652],[98.45291,7.96675],[98.4529,7.96698],[98.4528,7.96717],[98.4526,7.96729],[98.45237,7.96737],[98.45216,7.96732],[98.452,7.96716],[98.45187,7.96697],[98.45176,7.96677],[98.45168,7.96655],[98.4516,7.96633],[98.4515,7.96614],[98.45135,7.96598],[98.45116,7.96585],[98.45096,7.96574],[98.45075,7.96564],[98.45054,7.96555],[98.45032,7.96548],[98.4501,7.96541],[98.44994,7.96527],[98.44986,7.96504],[98.44995,7.96485],[98.45011,7.96469],[98.45028,7.96452],[98.4504,7.96432],[98.45049,7.9641],[98.45066,7.96398],[98.45087,7.96392],[98.4511,7.9639],[98.4514,7.96387],[98.45159,7.96398]]],[[[98.45032,7.95432],[98.45011,7.95439],[98.44989,7.95449],[98.44968,7.9546],[98.44948,7.95472],[98.44928,7.95483],[98.44909,7.95495],[98.4489,7.95507],[98.44871,7.95521],[98.44853,7.95535],[98.44837,7.9555],[98.44822,7.95568],[98.44812,7.95588],[98.44808,7.9561],[98.44809,7.95633],[98.44809,7.95656],[98.44809,7.95679],[98.4481,7.95701],[98.44812,7.95723],[98.44821,7.95745],[98.44837,7.95759],[98.4486,7.95763],[98.44882,7.9577],[98.449,7.95785],[98.44907,7.95805],[98.4491,7.95828],[98.44913,7.95851],[98.44917,7.95874],[98.44922,7.95896],[98.44932,7.95915],[98.44947,7.95933],[98.4495,7.95956],[98.44939,7.95974],[98.44919,7.95988],[98.44909,7.96006],[98.44907,7.96029],[98.44908,7.96052],[98.44909,7.96075],[98.44912,7.96098],[98.44914,7.9612],[98.44914,7.96143],[98.44914,7.96167],[98.44909,7.96189],[98.44895,7.96205],[98.44873,7.96216],[98.44853,7.96217],[98.44833,7.96203],[98.44811,7.96195],[98.44789,7.9619],[98.44767,7.96187],[98.44744,7.96186],[98.44721,7.96183],[98.44698,7.96178],[98.44678,7.96168],[98.44666,7.9615],[98.44656,7.96129],[98.44646,7.96108],[98.44634,7.96089],[98.44621,7.96071],[98.44606,7.96053],[98.4459,7.96038],[98.44571,7.96025],[98.44551,7.96014],[98.44533,7.96],[98.44515,7.95985],[98.445,7.95969],[98.4449,7.95949],[98.44483,7.95927],[98.44479,7.95904],[98.44478,7.95882],[98.44479,7.95859],[98.4448,7.95837],[98.44482,7.95814],[98.44484,7.95791],[98.44486,7.95769],[98.44487,7.95746],[98.44489,7.95724],[98.44491,7.95701],[98.44493,7.95678],[98.44496,7.95656],[98.445,7.95634],[98.44506,7.95612],[98.44511,7.9559],[98.44518,7.95568],[98.44526,7.95546],[98.44536,7.95526],[98.44547,7.95507],[98.4456,7.95488],[98.44576,7.9547],[98.44592,7.95455],[98.44611,7.95442],[98.44631,7.95433],[98.44652,7.95425],[98.44675,7.9542],[98.44697,7.95414],[98.44719,7.95408],[98.44742,7.95404],[98.44765,7.95401],[98.44788,7.95396],[98.44808,7.95388],[98.44826,7.95376],[98.44842,7.95361],[98.44857,7.95343],[98.44871,7.95324],[98.44884,7.95306],[98.44898,7.95287],[98.4491,7.95268],[98.44922,7.95248],[98.44934,7.9523],[98.44949,7.95213],[98.44966,7.95197],[98.44984,7.95182],[98.45003,7.9517],[98.45023,7.9516],[98.45044,7.95154],[98.45067,7.95151],[98.4509,7.95149],[98.45116,7.95146],[98.45138,7.95152],[98.4516,7.95158],[98.45181,7.95165],[98.45202,7.95176],[98.45219,7.9519],[98.45232,7.95208],[98.45244,7.95228],[98.45253,7.95249],[98.45259,7.9527],[98.45261,7.95293],[98.45266,7.95315],[98.45273,7.95337],[98.4528,7.95359],[98.45288,7.9538],[98.45299,7.954],[98.45311,7.95419],[98.45323,7.95438],[98.45334,7.95458],[98.45341,7.95479],[98.45344,7.95502],[98.45344,7.95525],[98.45342,7.95547],[98.45338,7.95569],[98.45333,7.95592],[98.45327,7.95614],[98.45319,7.95634],[98.45297,7.95627],[98.45286,7.95607],[98.45266,7.95599],[98.45243,7.95598],[98.45219,7.95595],[98.45209,7.95578],[98.45206,7.95554],[98.45197,7.95534],[98.45177,7.95522],[98.45155,7.95516],[98.45132,7.9551],[98.45114,7.95499],[98.451,7.9548],[98.45087,7.95462],[98.4507,7.95443],[98.45052,7.9543],[98.45032,7.95432]]],[[[98.4373,7.94511],[98.43734,7.94533],[98.43728,7.94555],[98.43708,7.94567],[98.43688,7.94577],[98.43669,7.94589],[98.43654,7.94606],[98.43643,7.94626],[98.43631,7.94646],[98.43619,7.94666],[98.43601,7.94677],[98.43577,7.94679],[98.43556,7.94672],[98.43537,7.9466],[98.43518,7.94647],[98.43498,7.94635],[98.43478,7.94626],[98.43457,7.94617],[98.43436,7.94608],[98.43415,7.946],[98.43394,7.9459],[98.43375,7.94578],[98.4336,7.94561],[98.43345,7.94543],[98.43331,7.94524],[98.43314,7.94511],[98.43292,7.94509],[98.43269,7.9451],[98.43246,7.94509],[98.43224,7.94504],[98.43203,7.94495],[98.43183,7.94484],[98.43164,7.9447],[98.43153,7.94451],[98.43149,7.94429],[98.43146,7.94406],[98.43141,7.94384],[98.43136,7.94361],[98.43129,7.9434],[98.43116,7.94321],[98.43102,7.94304],[98.43086,7.94287],[98.43069,7.94272],[98.43051,7.94259],[98.4303,7.9425],[98.43008,7.94242],[98.42988,7.94232],[98.42967,7.94223],[98.42946,7.94213],[98.42928,7.94201],[98.42912,7.94185],[98.42897,7.94167],[98.42882,7.9415],[98.42866,7.94134],[98.42849,7.94118],[98.42831,7.94102],[98.42813,7.94088],[98.42794,7.94076],[98.42774,7.94069],[98.42752,7.94067],[98.4273,7.94068],[98.42707,7.94072],[98.42684,7.94076],[98.42661,7.94081],[98.42638,7.94085],[98.42616,7.94089],[98.42594,7.94093],[98.42571,7.94098],[98.42549,7.94103],[98.42527,7.94108],[98.42505,7.94113],[98.42483,7.94117],[98.4246,7.94122],[98.42438,7.94126],[98.42416,7.94131],[98.42394,7.94135],[98.42372,7.9414],[98.42349,7.94143],[98.42326,7.94146],[98.42303,7.94148],[98.42282,7.94154],[98.42263,7.94165],[98.42248,7.94183],[98.42229,7.94196],[98.42209,7.94206],[98.42188,7.94215],[98.42166,7.94221],[98.42143,7.94225],[98.4212,7.94226],[98.42097,7.94228],[98.42076,7.94233],[98.42059,7.94246],[98.42047,7.94267],[98.42034,7.94286],[98.4202,7.94305],[98.42002,7.94316],[98.4198,7.94319],[98.41956,7.94319],[98.41933,7.94317],[98.4191,7.94314],[98.41888,7.94313],[98.41868,7.94322],[98.41851,7.94338],[98.41833,7.94353],[98.41813,7.94364],[98.41791,7.94368],[98.41768,7.9437],[98.41745,7.94368],[98.41723,7.94362],[98.41702,7.94354],[98.41681,7.94344],[98.41661,7.94333],[98.41643,7.94319],[98.41628,7.94303],[98.41615,7.94285],[98.41603,7.94265],[98.41593,7.94244],[98.41584,7.94223],[98.41576,7.94202],[98.41571,7.94179],[98.41569,7.94157],[98.41569,7.94134],[98.41573,7.94112],[98.41578,7.94089],[98.41582,7.94067],[98.41585,7.94045],[98.41585,7.94022],[98.41583,7.94],[98.4158,7.93977],[98.41577,7.93955],[98.41573,7.93932],[98.41568,7.9391],[98.41563,7.93888],[98.41555,7.93867],[98.41546,7.93846],[98.41536,7.93826],[98.41527,7.93805],[98.4152,7.93784],[98.41512,7.93762],[98.41505,7.9374],[98.41501,7.93718],[98.41499,7.93696],[98.41498,7.93673],[98.41498,7.93651],[98.41498,7.93628],[98.41498,7.93605],[98.41498,7.93583],[98.41499,7.9356],[98.41499,7.93537],[98.41499,7.93515],[98.41499,7.93492],[98.41498,7.9347],[98.41496,7.93447],[98.41491,7.93425],[98.41486,7.93403],[98.41482,7.9338],[98.41479,7.93358],[98.41476,7.93335],[98.41483,7.93313],[98.41504,7.93315],[98.4152,7.93331],[98.41531,7.93352],[98.41536,7.93374],[98.41551,7.93391],[98.41564,7.93377],[98.41576,7.93356],[98.41591,7.93338],[98.41607,7.93322],[98.41626,7.93311],[98.41649,7.93305],[98.41671,7.93304],[98.41694,7.93305],[98.41717,7.93308],[98.41739,7.93313],[98.4176,7.93321],[98.41777,7.93336],[98.41792,7.93354],[98.41803,7.93374],[98.41812,7.93395],[98.41826,7.93405],[98.41839,7.93386],[98.41848,7.93364],[98.41851,7.93342],[98.41852,7.93319],[98.41858,7.93297],[98.41868,7.93277],[98.41878,7.93256],[98.41884,7.93234],[98.41889,7.93211],[98.41889,7.93189],[98.41881,7.93168],[98.41866,7.9315],[98.41847,7.93139],[98.41823,7.93136],[98.41803,7.93144],[98.41785,7.93161],[98.41776,7.9318],[98.41774,7.93204],[98.41766,7.93223],[98.41743,7.93224],[98.41724,7.93213],[98.41706,7.93203],[98.41683,7.93202],[98.41664,7.93191],[98.41646,7.93182],[98.41622,7.93183],[98.416,7.93181],[98.41585,7.93164],[98.41587,7.93142],[98.41593,7.9312],[98.41601,7.93098],[98.4161,7.93077],[98.41621,7.93058],[98.41633,7.93038],[98.41645,7.93019],[98.41658,7.93],[98.41671,7.92981],[98.41684,7.92962],[98.41697,7.92943],[98.41711,7.92925],[98.41726,7.92908],[98.41742,7.92893],[98.4176,7.92881],[98.41782,7.92873],[98.41806,7.92869],[98.41828,7.92868],[98.4185,7.92871],[98.41873,7.92879],[98.41894,7.92889],[98.41912,7.92901],[98.41926,7.92919],[98.41939,7.92938],[98.41954,7.92955],[98.41971,7.92971],[98.41987,7.92987],[98.42002,7.93003],[98.42021,7.93016],[98.42042,7.93025],[98.42063,7.93033],[98.42083,7.93043],[98.42101,7.93057],[98.42118,7.93072],[98.42136,7.93085],[98.42156,7.93096],[98.42178,7.93105],[98.42199,7.93109],[98.42222,7.93109],[98.42245,7.93106],[98.42268,7.93105],[98.4229,7.93111],[98.42312,7.93117],[98.42331,7.93107],[98.42346,7.93089],[98.42358,7.93069],[98.4237,7.9305],[98.42382,7.93031],[98.42397,7.93014],[98.42415,7.93],[98.42434,7.92988],[98.42453,7.92976],[98.42472,7.92963],[98.42491,7.92949],[98.42509,7.92935],[98.42528,7.92925],[98.42552,7.92921],[98.42571,7.9293],[98.42575,7.92952],[98.42574,7.92976],[98.4257,7.92998],[98.42569,7.93021],[98.42579,7.93041],[98.42595,7.93057],[98.42617,7.93062],[98.42623,7.9304],[98.42623,7.93017],[98.42626,7.92994],[98.42638,7.92976],[98.4266,7.92974],[98.42684,7.92975],[98.42706,7.92977],[98.42721,7.92961],[98.42733,7.92941],[98.42744,7.9292],[98.42754,7.92899],[98.42772,7.9289],[98.42793,7.929],[98.42804,7.92921],[98.42816,7.92939],[98.42838,7.92937],[98.42855,7.92921],[98.42872,7.92906],[98.4289,7.92891],[98.42911,7.92886],[98.42935,7.9289],[98.42952,7.9288],[98.42966,7.92862],[98.42979,7.92841],[98.42992,7.92822],[98.43003,7.92803],[98.43016,7.92784],[98.43034,7.92771],[98.43044,7.9275],[98.43044,7.92727],[98.43048,7.92706],[98.43063,7.92688],[98.43079,7.92672],[98.43096,7.92655],[98.43116,7.9265],[98.43139,7.92656],[98.43156,7.9267],[98.4317,7.92689],[98.43182,7.92708],[98.43193,7.92728],[98.43206,7.92746],[98.43221,7.92763],[98.43239,7.92778],[98.43257,7.92791],[98.43277,7.92803],[98.43298,7.92811],[98.43338,7.92815],[98.43356,7.92829],[98.43371,7.92846],[98.43384,7.92864],[98.43393,7.92885],[98.43401,7.92907],[98.4341,7.92927],[98.43427,7.92942],[98.43446,7.92955],[98.43466,7.92966],[98.43486,7.92977],[98.43503,7.92991],[98.43516,7.93009],[98.43527,7.93029],[98.4354,7.93048],[98.43556,7.93065],[98.43574,7.93078],[98.43596,7.93087],[98.43618,7.93094],[98.43639,7.93103],[98.43656,7.93115],[98.43667,7.93134],[98.43674,7.93156],[98.43681,7.93179],[98.43693,7.93198],[98.43706,7.93217],[98.43717,7.93237],[98.43724,7.93258],[98.43729,7.9328],[98.43732,7.93302],[98.43735,7.93325],[98.43738,7.93347],[98.43742,7.9337],[98.43746,7.93392],[98.4375,7.93415],[98.43754,7.93438],[98.43759,7.9346],[98.43766,7.93481],[98.43775,7.93501],[98.43792,7.93516],[98.43811,7.9353],[98.43824,7.93548],[98.43835,7.93568],[98.43844,7.93589],[98.43852,7.9361],[98.43857,7.93632],[98.43858,7.93655],[98.43857,7.93677],[98.43858,7.937],[98.43862,7.93722],[98.43866,7.93745],[98.43867,7.93767],[98.43862,7.93789],[98.43856,7.93812],[98.43855,7.93834],[98.43862,7.93856],[98.43867,7.93878],[98.43864,7.939],[98.43856,7.93921],[98.43847,7.93943],[98.43839,7.93964],[98.43829,7.93984],[98.4382,7.94005],[98.43814,7.94027],[98.4381,7.94049],[98.43805,7.94071],[98.43798,7.94092],[98.43784,7.9411],[98.43773,7.9413],[98.43762,7.9415],[98.43751,7.9417],[98.43744,7.94191],[98.43739,7.94213],[98.43727,7.94232],[98.43713,7.9425],[98.43698,7.94268],[98.43683,7.94285],[98.4367,7.94303],[98.43664,7.94324],[98.43663,7.94348],[98.43665,7.9437],[98.43668,7.94393],[98.43673,7.94415],[98.4368,7.94436],[98.43689,7.94457],[98.43701,7.94476],[98.43717,7.94492],[98.4373,7.94511]]],[[[98.45558,7.92343],[98.45577,7.92354],[98.45592,7.92371],[98.45603,7.92391],[98.45612,7.92412],[98.45618,7.92434],[98.45623,7.92456],[98.45625,7.92479],[98.45624,7.92501],[98.45615,7.92522],[98.45598,7.92537],[98.45577,7.92547],[98.45554,7.92547],[98.45538,7.92533],[98.4553,7.92511],[98.45528,7.92489],[98.45529,7.92466],[98.45534,7.92442],[98.45529,7.92424],[98.45506,7.92415],[98.45489,7.92406],[98.45486,7.92383],[98.45486,7.92359],[98.45503,7.92347],[98.45536,7.92335],[98.45558,7.92343]]],[[[98.42373,7.83109],[98.42391,7.83122],[98.42402,7.83142],[98.42402,7.83164],[98.42396,7.83186],[98.42402,7.83207],[98.42412,7.83228],[98.4242,7.8325],[98.42426,7.83271],[98.42432,7.83294],[98.42437,7.83316],[98.42439,7.83338],[98.42432,7.83359],[98.42428,7.83381],[98.42428,7.83404],[98.4243,7.83427],[98.42431,7.83449],[98.42431,7.83472],[98.42431,7.83495],[98.42425,7.83516],[98.42411,7.83534],[98.42394,7.8355],[98.4238,7.83568],[98.42371,7.83588],[98.42363,7.8361],[98.42357,7.83632],[98.42351,7.83653],[98.42347,7.83676],[98.42344,7.83698],[98.42332,7.83718],[98.4231,7.83724],[98.42292,7.83712],[98.42278,7.83695],[98.42264,7.83676],[98.42248,7.83659],[98.42229,7.83647],[98.4221,7.83635],[98.42192,7.8362],[98.42177,7.83602],[98.4217,7.83582],[98.42169,7.8356],[98.42171,7.83537],[98.42174,7.83514],[98.42178,7.83491],[98.42184,7.83469],[98.42193,7.83449],[98.42205,7.83429],[98.42214,7.83408],[98.4222,7.83387],[98.42223,7.83364],[98.42224,7.83341],[98.42225,7.83319],[98.42225,7.83296],[98.42225,7.83273],[98.42224,7.8325],[98.42224,7.83227],[98.42225,7.83204],[98.42228,7.83183],[98.42236,7.83162],[98.42251,7.83143],[98.42268,7.83128],[98.42287,7.83116],[98.42308,7.83109],[98.42352,7.83099],[98.42373,7.83109]]],[[[98.41543,7.8312],[98.41522,7.83128],[98.41503,7.8314],[98.41486,7.83155],[98.41467,7.83168],[98.41446,7.83179],[98.41425,7.83179],[98.41405,7.83166],[98.4139,7.83149],[98.41377,7.83131],[98.41365,7.83112],[98.41354,7.83092],[98.41342,7.83072],[98.4133,7.83053],[98.41318,7.83034],[98.41307,7.83014],[98.41293,7.82996],[98.41276,7.82982],[98.41256,7.8297],[98.41234,7.82963],[98.41212,7.82959],[98.41189,7.82958],[98.41167,7.82961],[98.41145,7.82967],[98.41123,7.82975],[98.41102,7.82983],[98.4108,7.82989],[98.41058,7.82995],[98.41036,7.83001],[98.41014,7.83006],[98.40992,7.8301],[98.40969,7.83012],[98.40946,7.8301],[98.40925,7.83001],[98.40909,7.82985],[98.40906,7.82963],[98.4091,7.8294],[98.40922,7.82921],[98.40938,7.82904],[98.40951,7.82885],[98.40959,7.82864],[98.40965,7.82843],[98.4097,7.8282],[98.40976,7.82798],[98.40983,7.82776],[98.40992,7.82754],[98.41005,7.82738],[98.41026,7.82732],[98.4105,7.82732],[98.41073,7.82733],[98.41096,7.82736],[98.41119,7.82739],[98.41141,7.82736],[98.41162,7.82729],[98.41183,7.82719],[98.41203,7.82707],[98.41222,7.82695],[98.41243,7.82685],[98.41264,7.82682],[98.41287,7.82685],[98.4131,7.82689],[98.41333,7.82691],[98.41356,7.82693],[98.41378,7.82695],[98.414,7.82693],[98.41421,7.82684],[98.4144,7.82671],[98.41458,7.82657],[98.41475,7.82642],[98.41492,7.82626],[98.41509,7.82612],[98.41528,7.826],[98.41549,7.82588],[98.41571,7.82578],[98.41592,7.82573],[98.41612,7.82576],[98.41631,7.82589],[98.4165,7.82605],[98.41668,7.82618],[98.41686,7.82632],[98.41705,7.82646],[98.41723,7.8266],[98.41735,7.82678],[98.41739,7.82701],[98.41755,7.82715],[98.41776,7.82726],[98.41801,7.82739],[98.41822,7.82742],[98.4183,7.82764],[98.41838,7.82785],[98.41846,7.82806],[98.41855,7.82827],[98.41866,7.82847],[98.41878,7.82867],[98.41882,7.82888],[98.41878,7.8291],[98.41875,7.82933],[98.41875,7.82956],[98.41877,7.82978],[98.4188,7.83001],[98.41885,7.83023],[98.41886,7.83045],[98.41871,7.83063],[98.41854,7.83078],[98.41834,7.83089],[98.41813,7.83098],[98.41792,7.83101],[98.41781,7.8308],[98.41766,7.83064],[98.41744,7.83065],[98.41724,7.83076],[98.41705,7.83089],[98.41692,7.83108],[98.41681,7.83128],[98.41663,7.83142],[98.41643,7.83153],[98.41622,7.83149],[98.41604,7.83134],[98.41588,7.83118],[98.41566,7.83115],[98.41543,7.8312]]],[[[98.28683,7.8214],[98.28661,7.82142],[98.28639,7.82137],[98.28617,7.82129],[98.28595,7.82126],[98.28572,7.82129],[98.28549,7.82131],[98.28527,7.82129],[98.28512,7.82113],[98.28493,7.82099],[98.28472,7.82091],[98.28452,7.8208],[98.28437,7.82063],[98.28427,7.82043],[98.2842,7.8202],[98.28419,7.81998],[98.28433,7.81982],[98.28453,7.81969],[98.28475,7.8196],[98.28497,7.81959],[98.2852,7.81959],[98.28549,7.81961],[98.28568,7.81973],[98.28586,7.81986],[98.28597,7.82006],[98.2861,7.82025],[98.28627,7.82039],[98.28649,7.82048],[98.28667,7.82061],[98.28682,7.82078],[98.28693,7.82098],[98.28696,7.82121],[98.28683,7.8214]]],[[[98.36801,7.79636],[98.36779,7.79643],[98.36757,7.79647],[98.36735,7.79645],[98.36713,7.79639],[98.3669,7.79634],[98.36667,7.79633],[98.36644,7.79633],[98.36622,7.79631],[98.36602,7.79622],[98.36582,7.79609],[98.36566,7.79593],[98.36552,7.79574],[98.36535,7.79559],[98.36515,7.79555],[98.36491,7.79557],[98.36468,7.7956],[98.36445,7.7956],[98.36422,7.79559],[98.36401,7.79551],[98.36382,7.79538],[98.36365,7.79522],[98.36351,7.79505],[98.36338,7.79486],[98.36326,7.79467],[98.36314,7.79448],[98.36303,7.79428],[98.36292,7.79408],[98.36284,7.79387],[98.36277,7.79366],[98.3627,7.79344],[98.36263,7.79322],[98.36255,7.79301],[98.36247,7.79279],[98.36239,7.79257],[98.36229,7.79237],[98.36218,7.79218],[98.36202,7.79204],[98.3618,7.79196],[98.36157,7.7919],[98.36135,7.79186],[98.36112,7.79183],[98.3609,7.7918],[98.36067,7.79176],[98.36046,7.7917],[98.36025,7.7916],[98.36005,7.79149],[98.35985,7.79139],[98.35964,7.79131],[98.35942,7.79123],[98.35921,7.79116],[98.359,7.79108],[98.35879,7.79099],[98.35859,7.79088],[98.35839,7.79077],[98.3582,7.79065],[98.358,7.79054],[98.3578,7.79043],[98.3576,7.79033],[98.35739,7.79023],[98.3572,7.79012],[98.35702,7.78998],[98.35688,7.7898],[98.35672,7.78964],[98.35652,7.78954],[98.35629,7.78949],[98.35607,7.78944],[98.35585,7.7894],[98.35565,7.7893],[98.35545,7.78918],[98.35526,7.78905],[98.35507,7.78891],[98.35497,7.78872],[98.35491,7.7885],[98.3549,7.78827],[98.35492,7.78804],[98.35495,7.78781],[98.35501,7.78759],[98.35511,7.78739],[98.35523,7.78721],[98.35537,7.78703],[98.35553,7.78686],[98.35571,7.7867],[98.35589,7.78657],[98.35608,7.78646],[98.35628,7.78636],[98.3565,7.78628],[98.35672,7.78621],[98.35694,7.78615],[98.35716,7.78609],[98.35738,7.78606],[98.35761,7.78604],[98.35785,7.78603],[98.35807,7.786],[98.35828,7.78594],[98.35849,7.78584],[98.35868,7.78571],[98.35885,7.78555],[98.35899,7.78538],[98.35906,7.78518],[98.3591,7.78494],[98.35915,7.78472],[98.35919,7.7845],[98.35924,7.78427],[98.3593,7.78405],[98.35937,7.78384],[98.35946,7.78364],[98.35959,7.78345],[98.35973,7.78327],[98.35987,7.7831],[98.36,7.78291],[98.36012,7.78271],[98.36022,7.78249],[98.36032,7.78228],[98.36043,7.78208],[98.36055,7.78189],[98.36068,7.78173],[98.36085,7.7816],[98.36106,7.78151],[98.36128,7.78146],[98.36152,7.78142],[98.36176,7.78139],[98.36198,7.78136],[98.3622,7.78133],[98.36243,7.78132],[98.36266,7.7813],[98.36288,7.78129],[98.36311,7.78128],[98.36334,7.78128],[98.36357,7.78127],[98.36379,7.78128],[98.36402,7.78128],[98.36425,7.78129],[98.36447,7.7813],[98.3647,7.78129],[98.36493,7.78128],[98.36515,7.78122],[98.36536,7.78115],[98.36558,7.78112],[98.36581,7.78115],[98.36603,7.78121],[98.36625,7.78124],[98.36648,7.78127],[98.3667,7.7813],[98.36693,7.78133],[98.36715,7.78135],[98.36738,7.78137],[98.36761,7.78137],[98.36783,7.78137],[98.36806,7.78137],[98.36829,7.78136],[98.36852,7.78134],[98.36874,7.78132],[98.36897,7.78129],[98.36919,7.78125],[98.36941,7.78119],[98.36963,7.78113],[98.36984,7.78106],[98.37,7.7809],[98.37019,7.78077],[98.37041,7.78068],[98.37062,7.78071],[98.37081,7.78084],[98.371,7.78097],[98.37122,7.78099],[98.37144,7.7809],[98.37165,7.78083],[98.37187,7.78086],[98.3721,7.7809],[98.37233,7.78094],[98.37254,7.78091],[98.37274,7.78079],[98.37293,7.78066],[98.37311,7.78052],[98.37329,7.78038],[98.37347,7.78025],[98.37367,7.78015],[98.37388,7.78005],[98.37408,7.77995],[98.37429,7.77986],[98.3745,7.77977],[98.37484,7.77962],[98.37506,7.77959],[98.37529,7.77956],[98.37551,7.77956],[98.37574,7.7796],[98.37596,7.77964],[98.37619,7.77966],[98.37641,7.77963],[98.37664,7.77959],[98.37686,7.77954],[98.37707,7.77946],[98.37729,7.77937],[98.37751,7.77931],[98.37772,7.77932],[98.37793,7.7794],[98.37814,7.7795],[98.37835,7.77959],[98.37856,7.77968],[98.37878,7.77975],[98.379,7.77982],[98.37921,7.77988],[98.37943,7.77993],[98.37966,7.77998],[98.37988,7.78001],[98.38011,7.78003],[98.38033,7.78004],[98.38056,7.78006],[98.38078,7.78009],[98.381,7.78015],[98.38121,7.78023],[98.38142,7.78032],[98.38164,7.7804],[98.38185,7.78046],[98.38208,7.78049],[98.38231,7.78051],[98.38253,7.78053],[98.38275,7.78058],[98.38297,7.78065],[98.38318,7.78074],[98.38339,7.78086],[98.38356,7.78099],[98.3837,7.78116],[98.38378,7.78138],[98.38385,7.7816],[98.38389,7.78182],[98.38393,7.78205],[98.38396,7.78228],[98.38398,7.78251],[98.38405,7.78272],[98.3842,7.78287],[98.38442,7.78298],[98.38464,7.78303],[98.38486,7.78306],[98.38509,7.78307],[98.38532,7.78307],[98.38555,7.78306],[98.38577,7.78304],[98.386,7.78301],[98.38622,7.78296],[98.38644,7.78291],[98.38666,7.78286],[98.38689,7.78283],[98.38713,7.78285],[98.38735,7.78282],[98.38748,7.78266],[98.38756,7.78243],[98.38763,7.78221],[98.38768,7.78198],[98.38772,7.78176],[98.3878,7.78155],[98.38792,7.78137],[98.38807,7.78119],[98.38823,7.78103],[98.3884,7.78088],[98.38858,7.78074],[98.38878,7.78061],[98.38898,7.78052],[98.3892,7.78047],[98.38944,7.78052],[98.38951,7.78069],[98.38936,7.78085],[98.38919,7.78101],[98.38904,7.78118],[98.38889,7.78135],[98.38875,7.78153],[98.38861,7.78171],[98.38849,7.7819],[98.38839,7.7821],[98.38829,7.78231],[98.38819,7.78252],[98.38818,7.78273],[98.3883,7.78293],[98.38843,7.78312],[98.38853,7.78333],[98.38862,7.78353],[98.38871,7.78374],[98.3888,7.78395],[98.38888,7.78416],[98.38894,7.78438],[98.389,7.7846],[98.38905,7.78482],[98.38909,7.78504],[98.38912,7.78527],[98.38912,7.7855],[98.38908,7.78572],[98.38895,7.78592],[98.38876,7.78602],[98.38853,7.78596],[98.38834,7.78582],[98.38814,7.78573],[98.38792,7.78572],[98.38769,7.78574],[98.38746,7.78577],[98.38722,7.7858],[98.38699,7.78584],[98.38682,7.78596],[98.38672,7.78615],[98.38665,7.78637],[98.38659,7.7866],[98.38652,7.78682],[98.38642,7.78703],[98.38633,7.78724],[98.38623,7.78744],[98.38614,7.78765],[98.38606,7.78786],[98.38599,7.78807],[98.38597,7.78829],[98.38598,7.78852],[98.38599,7.78875],[98.38599,7.78898],[98.38599,7.78921],[98.38596,7.78943],[98.38586,7.78963],[98.38567,7.78976],[98.38545,7.78983],[98.38523,7.78981],[98.38502,7.78972],[98.38485,7.78956],[98.3847,7.78939],[98.3845,7.7893],[98.38427,7.78924],[98.38404,7.78923],[98.38381,7.78926],[98.38358,7.78932],[98.38338,7.78943],[98.38327,7.7896],[98.38322,7.78982],[98.38319,7.79006],[98.38315,7.79029],[98.38311,7.79051],[98.38306,7.79073],[98.38301,7.79095],[98.38296,7.79117],[98.38291,7.7914],[98.38285,7.79162],[98.38277,7.79183],[98.38265,7.79201],[98.38248,7.79217],[98.38232,7.79233],[98.38213,7.79247],[98.382,7.79265],[98.38198,7.79288],[98.38216,7.79303],[98.38237,7.79312],[98.38259,7.7932],[98.38276,7.79333],[98.38285,7.79353],[98.38289,7.79377],[98.3829,7.794],[98.38287,7.79423],[98.38281,7.79444],[98.38263,7.79457],[98.3824,7.7946],[98.38217,7.79461],[98.38194,7.7946],[98.38171,7.79458],[98.38149,7.79456],[98.38126,7.79455],[98.38104,7.79457],[98.38081,7.79462],[98.38061,7.79471],[98.38043,7.79485],[98.38025,7.795],[98.38006,7.79511],[98.37984,7.79519],[98.37962,7.79526],[98.3794,7.79531],[98.37917,7.79534],[98.37895,7.79534],[98.37874,7.79525],[98.37856,7.79511],[98.37841,7.79494],[98.37826,7.79477],[98.37808,7.79463],[98.37787,7.79455],[98.37763,7.79456],[98.37742,7.79452],[98.3773,7.79432],[98.37717,7.79412],[98.37703,7.79394],[98.37684,7.79385],[98.37662,7.79385],[98.37638,7.79389],[98.37616,7.79394],[98.37595,7.79402],[98.37574,7.79411],[98.37552,7.7942],[98.37531,7.79427],[98.37509,7.79433],[98.37487,7.79439],[98.37465,7.79444],[98.37443,7.7945],[98.37421,7.79456],[98.374,7.79463],[98.37379,7.79472],[98.37358,7.79481],[98.37337,7.79489],[98.37315,7.79495],[98.37293,7.795],[98.37271,7.79506],[98.37249,7.79511],[98.37227,7.79518],[98.37209,7.7953],[98.37192,7.79547],[98.37174,7.79559],[98.37153,7.79567],[98.3713,7.79572],[98.37108,7.79574],[98.37085,7.79572],[98.37062,7.79569],[98.3704,7.79571],[98.37019,7.7958],[98.37,7.79592],[98.36979,7.79601],[98.36957,7.79606],[98.36934,7.7961],[98.36912,7.79613],[98.3689,7.79617],[98.36867,7.79621],[98.36845,7.79625],[98.36823,7.79629],[98.36801,7.79636]]],[[[98.3013,7.76598],[98.30143,7.76616],[98.30162,7.76628],[98.3018,7.76642],[98.30198,7.76657],[98.30214,7.76672],[98.30216,7.76694],[98.30197,7.76705],[98.30174,7.76711],[98.30152,7.76712],[98.30129,7.76714],[98.30107,7.76719],[98.30085,7.76726],[98.30064,7.76735],[98.30046,7.76748],[98.30029,7.76763],[98.30009,7.76775],[98.29988,7.76781],[98.29965,7.76778],[98.29943,7.76772],[98.29922,7.76763],[98.29901,7.76755],[98.29879,7.76752],[98.29856,7.7675],[98.29833,7.76747],[98.29811,7.76742],[98.29795,7.76727],[98.29789,7.76706],[98.29788,7.76682],[98.29788,7.7666],[98.29786,7.76637],[98.29776,7.76617],[98.29758,7.76603],[98.29744,7.76586],[98.29739,7.76563],[98.29749,7.76543],[98.29768,7.7653],[98.29788,7.76536],[98.29809,7.76548],[98.2983,7.76557],[98.29851,7.76565],[98.29873,7.76571],[98.29895,7.76576],[98.29918,7.76579],[98.2994,7.7658],[98.29962,7.76574],[98.29984,7.76565],[98.30002,7.76553],[98.30016,7.76534],[98.3003,7.76513],[98.30051,7.76522],[98.30071,7.76531],[98.30092,7.76542],[98.30106,7.76559],[98.30118,7.76578],[98.3013,7.76598]]],[[[98.39173,7.75734],[98.39195,7.7574],[98.39216,7.75748],[98.39233,7.75763],[98.39243,7.75784],[98.39259,7.75798],[98.39281,7.75804],[98.39304,7.75807],[98.39327,7.75808],[98.3935,7.7581],[98.39372,7.75816],[98.39388,7.7583],[98.39393,7.75853],[98.39392,7.75876],[98.39387,7.75898],[98.39385,7.75921],[98.39384,7.75944],[98.39384,7.75966],[98.39389,7.75988],[98.39397,7.7601],[98.3941,7.76028],[98.39429,7.76041],[98.39449,7.76052],[98.39463,7.76069],[98.39472,7.7609],[98.3949,7.76103],[98.39512,7.7611],[98.39534,7.76114],[98.39557,7.76118],[98.39578,7.76124],[98.39599,7.76132],[98.3962,7.76142],[98.39641,7.76151],[98.39662,7.76159],[98.39684,7.76165],[98.39703,7.76177],[98.39717,7.76195],[98.39729,7.76215],[98.39741,7.76235],[98.39759,7.76247],[98.39781,7.76252],[98.39805,7.76255],[98.39826,7.76262],[98.39841,7.76277],[98.39853,7.76297],[98.39864,7.76318],[98.39878,7.76336],[98.39894,7.76352],[98.39912,7.76366],[98.39933,7.76376],[98.3995,7.76389],[98.39959,7.7641],[98.39967,7.76431],[98.39977,7.76452],[98.39986,7.76472],[98.39995,7.76493],[98.40003,7.76514],[98.40011,7.76536],[98.40017,7.76558],[98.40019,7.7658],[98.40018,7.76603],[98.40008,7.76625],[98.39988,7.76633],[98.39965,7.76636],[98.39942,7.76635],[98.3992,7.76631],[98.39899,7.76623],[98.39878,7.76612],[98.39859,7.766],[98.39842,7.76585],[98.39825,7.7657],[98.3981,7.76553],[98.39795,7.76535],[98.39781,7.76517],[98.39767,7.765],[98.3975,7.76486],[98.39728,7.76478],[98.39706,7.76471],[98.39684,7.76464],[98.39663,7.76455],[98.39647,7.76441],[98.39632,7.76423],[98.39619,7.76404],[98.39603,7.76388],[98.39584,7.76376],[98.39564,7.76366],[98.39543,7.76356],[98.39523,7.76345],[98.39504,7.76334],[98.39484,7.76321],[98.39467,7.76307],[98.39452,7.76291],[98.39439,7.76272],[98.39426,7.76252],[98.39414,7.76234],[98.39399,7.76217],[98.39381,7.76203],[98.39362,7.76191],[98.39341,7.76181],[98.3932,7.76174],[98.39297,7.7617],[98.39275,7.76167],[98.39252,7.76165],[98.39229,7.76164],[98.39207,7.76161],[98.39184,7.76156],[98.39163,7.76147],[98.39146,7.76133],[98.39135,7.76114],[98.39126,7.76092],[98.39117,7.76071],[98.39107,7.76051],[98.39097,7.7603],[98.39086,7.76011],[98.39074,7.75992],[98.39056,7.75977],[98.39041,7.75961],[98.39034,7.7594],[98.39028,7.75917],[98.3902,7.75896],[98.3901,7.75876],[98.39,7.75856],[98.38985,7.75838],[98.38988,7.75816],[98.38995,7.75794],[98.39004,7.75773],[98.39016,7.75753],[98.39031,7.75735],[98.39049,7.75726],[98.39073,7.75727],[98.39095,7.75732],[98.39118,7.75734],[98.39151,7.75729],[98.39173,7.75734]]],[[[98.33417,7.76293],[98.33401,7.76309],[98.33379,7.76314],[98.33359,7.76305],[98.33353,7.76284],[98.33347,7.76261],[98.33342,7.76239],[98.33335,7.76218],[98.33323,7.76199],[98.33308,7.76182],[98.33301,7.76161],[98.33295,7.76139],[98.33283,7.76119],[98.33277,7.76097],[98.33278,7.76073],[98.33267,7.76057],[98.33243,7.76052],[98.33221,7.76058],[98.33199,7.76053],[98.33183,7.76038],[98.33169,7.7602],[98.33155,7.76002],[98.3314,7.75984],[98.33124,7.75968],[98.33105,7.75957],[98.33083,7.7595],[98.33061,7.75946],[98.33038,7.75946],[98.33015,7.75945],[98.32993,7.75939],[98.32974,7.75926],[98.3297,7.75905],[98.32971,7.75881],[98.3297,7.75858],[98.32968,7.75836],[98.32963,7.75814],[98.32953,7.75794],[98.32942,7.75773],[98.32934,7.75752],[98.32927,7.7573],[98.32924,7.75709],[98.3293,7.75686],[98.32931,7.75664],[98.32919,7.75645],[98.32909,7.75625],[98.32912,7.75603],[98.32915,7.7558],[98.32914,7.75558],[98.32899,7.75541],[98.32879,7.7553],[98.32878,7.75508],[98.32877,7.75485],[98.32873,7.75462],[98.32864,7.75442],[98.32848,7.75425],[98.3283,7.75411],[98.32811,7.75398],[98.32793,7.75385],[98.32773,7.75369],[98.32758,7.75352],[98.32767,7.75338],[98.32792,7.75328],[98.32812,7.75332],[98.32829,7.75349],[98.32846,7.75364],[98.32863,7.75362],[98.32875,7.75342],[98.32885,7.75319],[98.32898,7.75302],[98.32919,7.75301],[98.32943,7.75306],[98.32959,7.75322],[98.32971,7.75342],[98.32988,7.75356],[98.3301,7.75354],[98.33031,7.75344],[98.33047,7.75328],[98.33062,7.75312],[98.33085,7.75309],[98.33106,7.75316],[98.33127,7.75324],[98.33159,7.75338],[98.33179,7.75349],[98.33197,7.75363],[98.33212,7.7538],[98.33225,7.75398],[98.33238,7.75417],[98.33249,7.75437],[98.33256,7.75458],[98.33259,7.75481],[98.33272,7.75499],[98.33291,7.75511],[98.33313,7.75521],[98.33334,7.7553],[98.33347,7.75546],[98.33354,7.75569],[98.33356,7.75592],[98.3335,7.75614],[98.33344,7.75636],[98.33338,7.75657],[98.33333,7.75679],[98.33331,7.75702],[98.33326,7.75724],[98.33318,7.75745],[98.3331,7.75766],[98.33302,7.75788],[98.33296,7.7581],[98.333,7.75832],[98.33308,7.75852],[98.33319,7.75873],[98.33329,7.75894],[98.33336,7.75915],[98.3334,7.75937],[98.33342,7.7596],[98.33346,7.75983],[98.3335,7.76005],[98.33354,7.76027],[98.3336,7.76049],[98.33369,7.7607],[98.3338,7.7609],[98.33392,7.76109],[98.33407,7.76126],[98.33423,7.76142],[98.33439,7.76158],[98.33453,7.76176],[98.33467,7.76194],[98.33479,7.76213],[98.33491,7.76232],[98.33502,7.76252],[98.33508,7.76274],[98.33496,7.76293],[98.33473,7.76294],[98.33454,7.76281],[98.33434,7.76276],[98.33417,7.76293]]],[[[98.30165,7.74941],[98.30153,7.74957],[98.3013,7.7496],[98.30108,7.74952],[98.30087,7.74943],[98.30066,7.74935],[98.30044,7.74937],[98.30021,7.74943],[98.3,7.74944],[98.29986,7.74926],[98.29978,7.74905],[98.29974,7.74883],[98.29971,7.7486],[98.29969,7.74837],[98.29974,7.74816],[98.29984,7.74796],[98.29979,7.74774],[98.29968,7.74753],[98.29973,7.74733],[98.29992,7.74722],[98.30015,7.7472],[98.30023,7.74704],[98.30016,7.74683],[98.30008,7.74661],[98.3,7.7464],[98.29994,7.74618],[98.29992,7.74596],[98.29992,7.74573],[98.29991,7.74551],[98.2999,7.74528],[98.29983,7.74507],[98.29972,7.74487],[98.29963,7.74466],[98.29968,7.74445],[98.29991,7.74439],[98.30009,7.74438],[98.30019,7.74416],[98.30019,7.74392],[98.30033,7.7438],[98.30056,7.74383],[98.30074,7.74398],[98.30093,7.7441],[98.30114,7.7442],[98.30133,7.74431],[98.30152,7.74443],[98.30191,7.74467],[98.30197,7.74488],[98.30204,7.7451],[98.3021,7.74532],[98.30217,7.74553],[98.30224,7.74575],[98.30231,7.74596],[98.30238,7.74618],[98.30247,7.74638],[98.30258,7.74658],[98.30273,7.74675],[98.3029,7.74691],[98.30302,7.74711],[98.3031,7.74733],[98.30301,7.74748],[98.30278,7.74753],[98.30255,7.74756],[98.30233,7.74758],[98.30211,7.74764],[98.30191,7.74775],[98.30174,7.7479],[98.30175,7.74812],[98.30193,7.74826],[98.30208,7.74844],[98.30202,7.74862],[98.30184,7.74877],[98.30172,7.74895],[98.30167,7.74918],[98.30165,7.74941]]],[[[98.36875,7.74852],[98.36857,7.74867],[98.36838,7.7488],[98.36819,7.74891],[98.36799,7.74902],[98.36778,7.74909],[98.36762,7.74891],[98.3676,7.74869],[98.36747,7.7485],[98.36726,7.74845],[98.36703,7.74846],[98.36681,7.74841],[98.36666,7.74825],[98.36655,7.74805],[98.36643,7.74785],[98.36628,7.74768],[98.36607,7.74763],[98.36584,7.74765],[98.36563,7.74774],[98.36541,7.74772],[98.36526,7.74755],[98.36512,7.74737],[98.36498,7.74719],[98.36485,7.747],[98.36473,7.74681],[98.3646,7.74662],[98.36446,7.74645],[98.36429,7.7463],[98.36412,7.74615],[98.36394,7.74601],[98.36376,7.74587],[98.36357,7.74575],[98.36338,7.74563],[98.36319,7.7455],[98.363,7.74538],[98.3628,7.74525],[98.36262,7.74511],[98.36249,7.74494],[98.3624,7.74473],[98.36234,7.74451],[98.36225,7.7443],[98.36213,7.74411],[98.36197,7.74395],[98.3618,7.7438],[98.36163,7.74365],[98.36146,7.7435],[98.36128,7.74335],[98.36111,7.7432],[98.36096,7.74304],[98.36081,7.74286],[98.36067,7.74268],[98.36055,7.74249],[98.36044,7.74229],[98.36036,7.74208],[98.3603,7.74187],[98.36026,7.74164],[98.36021,7.74142],[98.36014,7.7412],[98.36006,7.74099],[98.35997,7.74079],[98.35985,7.74059],[98.35972,7.7404],[98.35956,7.74024],[98.35937,7.74014],[98.35915,7.74006],[98.35895,7.73996],[98.35876,7.73983],[98.35857,7.7397],[98.35837,7.7396],[98.35817,7.7395],[98.35796,7.73941],[98.35775,7.73931],[98.35759,7.73915],[98.35747,7.73896],[98.35742,7.73874],[98.35741,7.73851],[98.35742,7.73829],[98.35746,7.73806],[98.3575,7.73784],[98.35751,7.73762],[98.35751,7.73739],[98.35751,7.73716],[98.35752,7.73694],[98.35754,7.73671],[98.35763,7.7365],[98.35773,7.7363],[98.35776,7.73608],[98.35776,7.73585],[98.35778,7.73563],[98.35787,7.73541],[98.35807,7.73534],[98.35811,7.73556],[98.35816,7.73579],[98.35826,7.73599],[98.35839,7.73618],[98.35849,7.73638],[98.35855,7.7366],[98.35863,7.73681],[98.35878,7.73698],[98.35896,7.73712],[98.35915,7.73725],[98.35935,7.73736],[98.35953,7.73749],[98.35969,7.73766],[98.35984,7.73783],[98.35997,7.73802],[98.36008,7.73821],[98.36016,7.73842],[98.3602,7.73864],[98.36024,7.73887],[98.36027,7.73909],[98.36031,7.73932],[98.36036,7.73955],[98.36048,7.73973],[98.36068,7.7398],[98.3609,7.73985],[98.36113,7.73989],[98.36136,7.73993],[98.36158,7.73999],[98.3618,7.74006],[98.36201,7.74014],[98.36222,7.74023],[98.36242,7.74033],[98.36262,7.74044],[98.36282,7.74055],[98.36302,7.74066],[98.36321,7.74078],[98.3634,7.74091],[98.36359,7.74103],[98.36378,7.74115],[98.36398,7.74129],[98.36418,7.74137],[98.36439,7.74134],[98.3646,7.74122],[98.36479,7.7411],[98.36497,7.74095],[98.36516,7.74082],[98.36537,7.74077],[98.3656,7.74076],[98.36584,7.74077],[98.36606,7.74081],[98.36626,7.7409],[98.36645,7.74104],[98.36663,7.74117],[98.36682,7.74131],[98.36702,7.74141],[98.36723,7.74149],[98.36743,7.7416],[98.36761,7.74173],[98.36783,7.74171],[98.36805,7.74164],[98.36827,7.74158],[98.36849,7.74162],[98.36872,7.74159],[98.36894,7.74156],[98.36917,7.74157],[98.36939,7.74161],[98.36961,7.74167],[98.36981,7.74178],[98.36999,7.74193],[98.37009,7.74213],[98.37016,7.74235],[98.37031,7.74251],[98.37047,7.74268],[98.3706,7.74286],[98.37074,7.74303],[98.37094,7.74316],[98.37116,7.7432],[98.37139,7.74321],[98.37161,7.74324],[98.37182,7.74332],[98.37202,7.74344],[98.3722,7.74357],[98.37243,7.74362],[98.37261,7.74352],[98.3727,7.74331],[98.37284,7.74312],[98.37299,7.74295],[98.37317,7.74282],[98.37338,7.74272],[98.37358,7.7426],[98.37371,7.74243],[98.3738,7.74223],[98.37388,7.742],[98.37395,7.74179],[98.37404,7.74157],[98.37411,7.74136],[98.37416,7.74114],[98.37411,7.74092],[98.37394,7.74078],[98.37375,7.74063],[98.37371,7.74043],[98.37382,7.74022],[98.37404,7.74018],[98.37426,7.74012],[98.37444,7.73997],[98.37463,7.73987],[98.37485,7.73984],[98.37508,7.73984],[98.37531,7.73984],[98.37554,7.73985],[98.37577,7.73986],[98.37599,7.73988],[98.37622,7.73989],[98.37645,7.73987],[98.37667,7.73981],[98.37685,7.73969],[98.37701,7.73952],[98.37717,7.73935],[98.37736,7.73925],[98.37758,7.73918],[98.37781,7.73915],[98.37804,7.73912],[98.37826,7.7391],[98.37849,7.73909],[98.37872,7.73908],[98.37895,7.73908],[98.37917,7.73909],[98.3794,7.73912],[98.37962,7.73916],[98.37984,7.73921],[98.38006,7.73926],[98.38033,7.73932],[98.38054,7.73941],[98.38075,7.7395],[98.38093,7.73963],[98.38107,7.7398],[98.3812,7.74],[98.3813,7.7402],[98.38139,7.74041],[98.38151,7.7406],[98.38166,7.74077],[98.38186,7.74087],[98.38208,7.74094],[98.38227,7.74105],[98.38241,7.74124],[98.38248,7.74145],[98.38246,7.74169],[98.38249,7.7419],[98.38259,7.74211],[98.38271,7.7423],[98.38283,7.7425],[98.38294,7.7427],[98.38304,7.7429],[98.3831,7.74311],[98.38312,7.74334],[98.38314,7.74357],[98.3832,7.74379],[98.38328,7.74401],[98.3834,7.7442],[98.38359,7.7443],[98.38383,7.74434],[98.38404,7.74441],[98.38417,7.74459],[98.38427,7.7448],[98.38438,7.74501],[98.38457,7.7451],[98.38481,7.74512],[98.38504,7.74517],[98.38525,7.74524],[98.38541,7.74539],[98.3855,7.74561],[98.38552,7.74584],[98.38542,7.74602],[98.38519,7.74605],[98.38497,7.74598],[98.38476,7.74588],[98.38454,7.74583],[98.38432,7.74585],[98.3841,7.7459],[98.38387,7.74592],[98.38364,7.74589],[98.38342,7.74585],[98.3832,7.74578],[98.383,7.74568],[98.38279,7.74559],[98.38257,7.74555],[98.38234,7.74555],[98.38211,7.74557],[98.38189,7.74561],[98.38166,7.74565],[98.38143,7.74571],[98.38121,7.74578],[98.38102,7.74589],[98.38091,7.74606],[98.38084,7.7463],[98.38075,7.74651],[98.38065,7.74672],[98.38052,7.7469],[98.38033,7.74702],[98.38013,7.74711],[98.37991,7.74718],[98.37969,7.74723],[98.37946,7.74728],[98.37923,7.74733],[98.37901,7.74737],[98.37878,7.7474],[98.37854,7.74742],[98.37832,7.74742],[98.3781,7.7474],[98.37794,7.74726],[98.37779,7.74706],[98.37762,7.74691],[98.37745,7.74676],[98.37726,7.74663],[98.37707,7.74652],[98.37686,7.74645],[98.37663,7.7464],[98.37641,7.74636],[98.37618,7.74633],[98.37596,7.7463],[98.37573,7.74628],[98.37551,7.74625],[98.37528,7.74623],[98.37505,7.74621],[98.37483,7.74619],[98.3746,7.74618],[98.37438,7.74617],[98.37415,7.74616],[98.37392,7.74614],[98.3737,7.74612],[98.37347,7.74609],[98.37325,7.74605],[98.37302,7.74602],[98.3728,7.74599],[98.37257,7.74597],[98.37235,7.74597],[98.37212,7.74597],[98.37189,7.74597],[98.37167,7.74598],[98.37144,7.746],[98.37121,7.74601],[98.37098,7.74601],[98.37075,7.74603],[98.37055,7.74608],[98.37044,7.74629],[98.3703,7.74647],[98.37009,7.74656],[98.36988,7.74664],[98.36979,7.74684],[98.36974,7.74707],[98.3697,7.74729],[98.36959,7.74748],[98.36943,7.74765],[98.36926,7.7478],[98.3691,7.74795],[98.369,7.74816],[98.3689,7.74836],[98.36875,7.74852]]],[[[98.29778,7.73779],[98.29779,7.73801],[98.29775,7.73824],[98.29758,7.73839],[98.29736,7.73841],[98.29715,7.73831],[98.29698,7.73817],[98.29683,7.73799],[98.29665,7.73785],[98.29644,7.73775],[98.29624,7.73783],[98.29604,7.73796],[98.29584,7.73803],[98.29563,7.73794],[98.29546,7.73778],[98.29532,7.73761],[98.29519,7.73742],[98.29509,7.73722],[98.295,7.73701],[98.29491,7.7368],[98.29483,7.73659],[98.29476,7.73637],[98.29469,7.73615],[98.29465,7.73593],[98.29464,7.73571],[98.29464,7.73548],[98.29466,7.73525],[98.2947,7.73503],[98.29478,7.73481],[98.29491,7.73463],[98.29523,7.73441],[98.29543,7.73453],[98.29562,7.73465],[98.29578,7.73481],[98.29595,7.73496],[98.29611,7.73512],[98.29628,7.73527],[98.29647,7.73539],[98.29668,7.73549],[98.29688,7.73558],[98.2971,7.73566],[98.29731,7.73574],[98.29752,7.73583],[98.29767,7.736],[98.29767,7.73622],[98.29764,7.73645],[98.29761,7.73668],[98.2976,7.7369],[98.29764,7.73712],[98.29771,7.73734],[98.29775,7.73756],[98.29778,7.73779]]],[[[98.37828,7.61054],[98.3782,7.61069],[98.3782,7.61087],[98.37823,7.61105],[98.37827,7.61123],[98.37832,7.61141],[98.3784,7.61157],[98.37846,7.61174],[98.37848,7.61192],[98.37844,7.6121],[98.37838,7.61227],[98.37829,7.61243],[98.37825,7.6126],[98.37826,7.61278],[98.3783,7.61297],[98.37831,7.61314],[98.37827,7.61332],[98.37819,7.61348],[98.37811,7.61364],[98.37803,7.61381],[98.37797,7.61398],[98.37792,7.61415],[98.37786,7.61433],[98.37781,7.6145],[98.37777,7.61468],[98.37773,7.61486],[98.37769,7.61503],[98.37764,7.6152],[98.37755,7.61536],[98.37745,7.61551],[98.37732,7.61565],[98.37718,7.61576],[98.37703,7.61586],[98.37689,7.61597],[98.37675,7.61609],[98.37663,7.61623],[98.37653,7.61638],[98.37643,7.61653],[98.37635,7.6167],[98.37628,7.61686],[98.37622,7.61703],[98.37618,7.61721],[98.37612,7.61738],[98.37603,7.61754],[98.3759,7.61766],[98.37574,7.61775],[98.37555,7.61773],[98.37543,7.61761],[98.37533,7.61745],[98.37526,7.61728],[98.3752,7.61711],[98.37515,7.61694],[98.37511,7.61676],[98.37506,7.61658],[98.37502,7.61641],[98.37498,7.61623],[98.37495,7.61605],[98.37491,7.61588],[98.37488,7.6157],[98.37483,7.61552],[98.37479,7.61535],[98.37474,7.61517],[98.37468,7.615],[98.37461,7.61483],[98.37451,7.61468],[98.37437,7.61455],[98.37421,7.61449],[98.37403,7.61447],[98.37384,7.61447],[98.37367,7.61444],[98.3735,7.61436],[98.37334,7.61426],[98.37321,7.61414],[98.37309,7.61401],[98.37297,7.61387],[98.37286,7.61373],[98.37274,7.61359],[98.37262,7.61345],[98.3725,7.61331],[98.3724,7.61317],[98.37231,7.61301],[98.37224,7.61284],[98.37219,7.61266],[98.37218,7.61249],[98.37219,7.61231],[98.37221,7.61212],[98.37222,7.61194],[98.37221,7.61176],[98.3722,7.61158],[98.37218,7.6114],[98.37213,7.61123],[98.37205,7.61105],[98.37197,7.61088],[98.37187,7.61072],[98.37176,7.61059],[98.37163,7.61049],[98.37145,7.61051],[98.37125,7.61053],[98.37106,7.61054],[98.37088,7.61054],[98.37072,7.61048],[98.37059,7.61037],[98.37046,7.61023],[98.37032,7.6101],[98.37018,7.61],[98.37001,7.60992],[98.36983,7.60987],[98.36965,7.60987],[98.36947,7.60991],[98.36929,7.60999],[98.36916,7.6101],[98.36906,7.61024],[98.36898,7.61041],[98.3689,7.61058],[98.36881,7.61074],[98.36869,7.61088],[98.36859,7.61103],[98.36851,7.61119],[98.36844,7.61136],[98.36838,7.61153],[98.36833,7.6117],[98.36829,7.61188],[98.36826,7.61206],[98.36824,7.61224],[98.36823,7.61242],[98.36822,7.6126],[98.36821,7.61278],[98.3682,7.61296],[98.36818,7.61314],[98.36816,7.61332],[98.36814,7.6135],[98.36812,7.61369],[98.3681,7.61387],[98.36807,7.61405],[98.36803,7.61423],[98.36798,7.6144],[98.36791,7.61456],[98.36781,7.61471],[98.36769,7.61485],[98.36755,7.61497],[98.3674,7.61509],[98.36725,7.61518],[98.36709,7.61526],[98.36692,7.61533],[98.36675,7.61539],[98.36658,7.61545],[98.36641,7.61551],[98.36623,7.61557],[98.36606,7.61563],[98.36589,7.61568],[98.36571,7.61573],[98.36554,7.61578],[98.36536,7.61584],[98.36518,7.61589],[98.365,7.61595],[98.36483,7.61599],[98.36465,7.616],[98.36448,7.61599],[98.36432,7.61592],[98.36416,7.61582],[98.36401,7.61571],[98.36385,7.61561],[98.3637,7.61551],[98.36355,7.61541],[98.3634,7.61531],[98.36325,7.61521],[98.36309,7.61511],[98.36294,7.61502],[98.36279,7.61492],[98.36264,7.61481],[98.36249,7.6147],[98.36236,7.61458],[98.36225,7.61444],[98.36217,7.61428],[98.3621,7.61411],[98.36205,7.61391],[98.36216,7.61382],[98.36234,7.61377],[98.36253,7.61374],[98.36272,7.6137],[98.36291,7.61364],[98.363,7.61351],[98.36301,7.61333],[98.36301,7.61314],[98.36302,7.61296],[98.36306,7.61277],[98.36313,7.61261],[98.36326,7.61251],[98.36343,7.61243],[98.36361,7.61236],[98.36377,7.61227],[98.36393,7.61218],[98.36409,7.61209],[98.36423,7.61198],[98.36433,7.61184],[98.36439,7.61166],[98.36447,7.61149],[98.36459,7.61137],[98.36475,7.61127],[98.36491,7.61119],[98.36505,7.61108],[98.36519,7.61096],[98.36532,7.61083],[98.36545,7.6107],[98.36557,7.61056],[98.36567,7.61041],[98.36576,7.61024],[98.36586,7.6101],[98.36601,7.61],[98.36617,7.60993],[98.36634,7.60988],[98.36653,7.60983],[98.36671,7.60979],[98.36688,7.60975],[98.36706,7.60971],[98.36724,7.60968],[98.36742,7.60965],[98.36759,7.6096],[98.36776,7.60954],[98.36794,7.60947],[98.3681,7.60938],[98.36824,7.60927],[98.36836,7.60914],[98.36844,7.60898],[98.3685,7.6088],[98.36854,7.60862],[98.36856,7.60844],[98.36856,7.60826],[98.36854,7.60808],[98.3685,7.6079],[98.36842,7.60773],[98.36832,7.60759],[98.36821,7.60744],[98.36808,7.6073],[98.36794,7.60718],[98.36779,7.60709],[98.36762,7.60704],[98.36744,7.60702],[98.36725,7.60702],[98.36706,7.60703],[98.36689,7.60705],[98.36671,7.60708],[98.36653,7.60712],[98.36635,7.60716],[98.36618,7.6072],[98.366,7.60724],[98.36582,7.60728],[98.36565,7.60733],[98.36547,7.60737],[98.36529,7.60741],[98.36511,7.60745],[98.36494,7.60749],[98.36476,7.60753],[98.36458,7.60756],[98.3644,7.60759],[98.36422,7.60761],[98.36404,7.60762],[98.36386,7.60763],[98.36368,7.60763],[98.3635,7.60763],[98.36331,7.60763],[98.36313,7.60762],[98.36295,7.6076],[98.36278,7.60757],[98.3626,7.60753],[98.36242,7.60749],[98.36224,7.60746],[98.36206,7.60744],[98.36188,7.60743],[98.3617,7.60743],[98.36151,7.60744],[98.36134,7.60747],[98.36116,7.60751],[98.36099,7.60756],[98.36082,7.60763],[98.36065,7.6077],[98.36048,7.60777],[98.36032,7.60784],[98.36015,7.60792],[98.35999,7.60801],[98.35983,7.60808],[98.35966,7.60814],[98.35947,7.60818],[98.35929,7.60821],[98.3591,7.60821],[98.35893,7.60818],[98.35878,7.6081],[98.35863,7.60798],[98.35851,7.60783],[98.35841,7.60768],[98.35833,7.60752],[98.35825,7.60736],[98.35818,7.60719],[98.35812,7.60702],[98.35806,7.60685],[98.358,7.60668],[98.35794,7.60651],[98.35784,7.60626],[98.35776,7.6061],[98.35767,7.60593],[98.35759,7.60577],[98.35748,7.60563],[98.35735,7.6055],[98.35721,7.60539],[98.35706,7.60529],[98.35691,7.60518],[98.35677,7.60507],[98.35664,7.60495],[98.3565,7.60482],[98.35638,7.60469],[98.35625,7.60456],[98.35615,7.60441],[98.35605,7.60426],[98.35594,7.60411],[98.35582,7.60398],[98.35566,7.60388],[98.3555,7.60381],[98.35532,7.6038],[98.35513,7.60381],[98.35495,7.60382],[98.35477,7.60381],[98.35459,7.60377],[98.35442,7.60371],[98.35429,7.60358],[98.35426,7.60341],[98.35425,7.60322],[98.35427,7.60304],[98.35432,7.60287],[98.35438,7.6027],[98.35443,7.60252],[98.35449,7.60234],[98.35453,7.60217],[98.35452,7.602],[98.35446,7.60183],[98.35438,7.60166],[98.3543,7.60149],[98.35422,7.60133],[98.35414,7.60117],[98.35406,7.60101],[98.35398,7.60084],[98.35391,7.60068],[98.35384,7.60051],[98.35378,7.60034],[98.35372,7.60017],[98.35367,7.6],[98.35361,7.59982],[98.35355,7.59965],[98.35348,7.59949],[98.35339,7.59933],[98.35331,7.59917],[98.35324,7.59899],[98.35318,7.59881],[98.35317,7.59864],[98.35326,7.59849],[98.35341,7.59837],[98.35357,7.5983],[98.35374,7.59823],[98.35387,7.59811],[98.35397,7.59795],[98.35403,7.59778],[98.35404,7.5976],[98.35403,7.59742],[98.35405,7.59724],[98.35411,7.59707],[98.35419,7.5969],[98.35427,7.59674],[98.35436,7.59658],[98.35446,7.59643],[98.35456,7.59627],[98.35463,7.59611],[98.35466,7.59594],[98.35468,7.59575],[98.35469,7.59557],[98.35471,7.59539],[98.35473,7.59521],[98.35475,7.59503],[98.35478,7.59485],[98.3548,7.59467],[98.35483,7.59449],[98.35485,7.59432],[98.35488,7.59414],[98.3549,7.59396],[98.35493,7.59378],[98.35495,7.5936],[98.35497,7.59341],[98.35497,7.59324],[98.35494,7.59306],[98.35487,7.59289],[98.3548,7.59272],[98.35469,7.59258],[98.35455,7.59245],[98.35443,7.59232],[98.35433,7.59217],[98.3543,7.59199],[98.35433,7.59181],[98.3544,7.59164],[98.35448,7.59148],[98.35456,7.59132],[98.35465,7.59116],[98.35474,7.591],[98.35483,7.59084],[98.35492,7.59068],[98.35499,7.59052],[98.35506,7.59035],[98.35514,7.59018],[98.35523,7.59003],[98.35534,7.58989],[98.35546,7.58974],[98.35558,7.58961],[98.35572,7.58949],[98.35586,7.58938],[98.35602,7.5893],[98.35619,7.58923],[98.35637,7.58918],[98.35655,7.58916],[98.35673,7.58916],[98.35691,7.58916],[98.35709,7.58914],[98.35728,7.58913],[98.35746,7.58911],[98.35763,7.58906],[98.35778,7.58897],[98.35793,7.58886],[98.35809,7.58876],[98.35824,7.58867],[98.35842,7.58862],[98.35859,7.58857],[98.35877,7.58853],[98.35902,7.58841],[98.3592,7.58845],[98.35938,7.58848],[98.35955,7.58854],[98.35971,7.58862],[98.35987,7.5887],[98.36003,7.5888],[98.3602,7.58885],[98.36037,7.58881],[98.36054,7.58872],[98.3607,7.58865],[98.36087,7.58856],[98.36103,7.58848],[98.3612,7.58841],[98.36137,7.58838],[98.36155,7.58837],[98.36173,7.58836],[98.36192,7.58837],[98.3621,7.58838],[98.36228,7.5884],[98.36247,7.58841],[98.36266,7.58843],[98.36283,7.58847],[98.363,7.58853],[98.36315,7.58862],[98.36328,7.58873],[98.36341,7.58887],[98.36353,7.58901],[98.36365,7.58915],[98.36376,7.5893],[98.36385,7.58946],[98.36392,7.58963],[98.36399,7.58979],[98.3641,7.58993],[98.36423,7.59006],[98.36438,7.59017],[98.36453,7.59027],[98.36468,7.59037],[98.36484,7.59046],[98.365,7.59054],[98.36516,7.59062],[98.36533,7.5907],[98.3655,7.59078],[98.36564,7.59088],[98.36571,7.59104],[98.36576,7.59123],[98.36584,7.59139],[98.36601,7.5914],[98.36619,7.59139],[98.36638,7.59137],[98.36658,7.59133],[98.36678,7.5913],[98.36693,7.59132],[98.36704,7.59143],[98.36713,7.59158],[98.36719,7.59176],[98.36725,7.59195],[98.3673,7.59214],[98.36735,7.59231],[98.36738,7.59249],[98.3674,7.59267],[98.36742,7.59286],[98.36744,7.59304],[98.36748,7.59321],[98.36755,7.59338],[98.36763,7.59354],[98.36772,7.59369],[98.36783,7.59384],[98.36795,7.59398],[98.36807,7.59411],[98.36821,7.59423],[98.36836,7.59433],[98.36852,7.59442],[98.36868,7.59451],[98.36883,7.59462],[98.36896,7.59474],[98.36908,7.59488],[98.36919,7.59503],[98.36929,7.59518],[98.36937,7.59534],[98.36943,7.59551],[98.36949,7.59568],[98.36954,7.59586],[98.36958,7.59603],[98.36962,7.59621],[98.36967,7.59639],[98.36971,7.59656],[98.36974,7.59674],[98.36978,7.59692],[98.36981,7.59709],[98.36985,7.59728],[98.36988,7.59747],[98.37,7.59757],[98.37018,7.59761],[98.37037,7.59764],[98.37055,7.59769],[98.37072,7.59775],[98.37089,7.59781],[98.37106,7.59789],[98.37121,7.59798],[98.37133,7.59811],[98.37144,7.59826],[98.37154,7.59841],[98.37166,7.59855],[98.37179,7.59867],[98.37193,7.59879],[98.37206,7.59892],[98.37217,7.59906],[98.37226,7.59922],[98.37236,7.59937],[98.37249,7.5995],[98.37264,7.5996],[98.37279,7.59969],[98.37296,7.59977],[98.37312,7.59985],[98.37329,7.59991],[98.37347,7.59996],[98.37364,7.60001],[98.37382,7.60006],[98.374,7.60011],[98.37417,7.60018],[98.3743,7.60029],[98.37439,7.60045],[98.37449,7.6006],[98.37462,7.60074],[98.37476,7.60085],[98.37491,7.60095],[98.37508,7.60101],[98.37526,7.60105],[98.37543,7.6011],[98.3756,7.60118],[98.37575,7.60128],[98.37589,7.6014],[98.376,7.60154],[98.37606,7.60171],[98.3761,7.60189],[98.3761,7.60208],[98.37609,7.60226],[98.37613,7.60243],[98.37627,7.60256],[98.37644,7.60261],[98.37662,7.60264],[98.37679,7.60271],[98.37693,7.60283],[98.37704,7.60298],[98.3771,7.60315],[98.37712,7.60333],[98.37711,7.60352],[98.37706,7.60369],[98.37699,7.60385],[98.37691,7.60402],[98.37682,7.60418],[98.37673,7.60434],[98.37664,7.6045],[98.37654,7.60465],[98.37644,7.60479],[98.37633,7.60494],[98.37623,7.60509],[98.37612,7.60523],[98.37601,7.60538],[98.37591,7.60553],[98.37581,7.60568],[98.37572,7.60584],[98.37568,7.60602],[98.37566,7.6062],[98.37571,7.60637],[98.37581,7.60653],[98.37594,7.60665],[98.37608,7.60676],[98.37623,7.60687],[98.37639,7.60697],[98.37655,7.60705],[98.37671,7.60714],[98.37686,7.60724],[98.377,7.60736],[98.37713,7.60749],[98.37722,7.60764],[98.37726,7.60782],[98.37723,7.608],[98.37713,7.60815],[98.37701,7.60829],[98.37688,7.60843],[98.37677,7.60856],[98.37669,7.60874],[98.37669,7.60892],[98.37679,7.60906],[98.37692,7.60919],[98.37708,7.6093],[98.37724,7.60938],[98.37741,7.60943],[98.37759,7.60946],[98.37777,7.60949],[98.37796,7.60952],[98.37815,7.60955],[98.37832,7.6096],[98.37844,7.60972],[98.37852,7.60989],[98.37856,7.61008],[98.37852,7.61024],[98.3784,7.6104],[98.37828,7.61054]]],[[[98.33342,7.52333],[98.33332,7.52348],[98.33319,7.52361],[98.33303,7.52371],[98.33286,7.52372],[98.33271,7.52362],[98.33257,7.5235],[98.33242,7.52338],[98.33228,7.52326],[98.33212,7.52324],[98.33195,7.52334],[98.33179,7.52342],[98.33162,7.52348],[98.33144,7.52354],[98.33126,7.52354],[98.33117,7.52339],[98.33119,7.52321],[98.33123,7.52303],[98.3313,7.52285],[98.3313,7.52268],[98.33122,7.52253],[98.33111,7.52238],[98.33099,7.52224],[98.33088,7.52209],[98.33079,7.52193],[98.33072,7.52176],[98.33066,7.52159],[98.33058,7.52143],[98.33049,7.52127],[98.33039,7.52112],[98.33027,7.52098],[98.33014,7.52086],[98.32999,7.52077],[98.32982,7.52069],[98.32965,7.52062],[98.32948,7.52055],[98.32932,7.52048],[98.32915,7.52041],[98.32897,7.52036],[98.32879,7.52032],[98.32863,7.52026],[98.32847,7.52016],[98.32834,7.52004],[98.32822,7.5199],[98.32812,7.51974],[98.32804,7.51957],[98.32803,7.5194],[98.32812,7.51923],[98.32827,7.51914],[98.32845,7.51909],[98.32863,7.51904],[98.3288,7.51898],[98.32892,7.51886],[98.32899,7.51868],[98.32903,7.5185],[98.32905,7.51832],[98.32906,7.51814],[98.32906,7.51796],[98.32904,7.51778],[98.32902,7.5176],[98.32898,7.51742],[98.32894,7.51725],[98.32889,7.51707],[98.32884,7.5169],[98.32879,7.51672],[98.32873,7.51655],[98.32866,7.51638],[98.3286,7.51621],[98.32852,7.51605],[98.32845,7.51589],[98.32837,7.51572],[98.32828,7.51556],[98.3282,7.5154],[98.32811,7.51524],[98.32803,7.51508],[98.32795,7.51492],[98.32787,7.51475],[98.32779,7.51459],[98.3277,7.51443],[98.32761,7.51428],[98.32749,7.51414],[98.32736,7.51402],[98.32722,7.5139],[98.32709,7.51377],[98.32698,7.51363],[98.32688,7.51347],[98.32679,7.51331],[98.3267,7.51316],[98.3266,7.51301],[98.32649,7.51287],[98.32635,7.51275],[98.3262,7.51265],[98.32602,7.51258],[98.32585,7.51254],[98.32567,7.51252],[98.32548,7.51255],[98.32531,7.5126],[98.32518,7.51272],[98.32501,7.51281],[98.32484,7.51285],[98.32466,7.51283],[98.32449,7.51275],[98.32436,7.51262],[98.32425,7.51247],[98.32417,7.51231],[98.3241,7.51214],[98.32405,7.51197],[98.32401,7.51179],[98.32399,7.51161],[98.32403,7.51144],[98.32407,7.51126],[98.32409,7.51108],[98.32411,7.5109],[98.32413,7.51072],[98.32414,7.51054],[98.32415,7.51035],[98.32415,7.51018],[98.32414,7.50999],[98.32412,7.5098],[98.3241,7.50962],[98.32406,7.50944],[98.32399,7.50928],[98.32387,7.50915],[98.32371,7.50905],[98.32352,7.50899],[98.32335,7.50899],[98.32318,7.50902],[98.323,7.50908],[98.32282,7.50915],[98.32265,7.50919],[98.32247,7.50924],[98.32229,7.50928],[98.32211,7.50931],[98.32193,7.50931],[98.32174,7.50927],[98.32161,7.50917],[98.32156,7.509],[98.32155,7.50881],[98.32152,7.50862],[98.32144,7.50846],[98.32134,7.50831],[98.32122,7.50817],[98.32107,7.50807],[98.32097,7.50795],[98.32096,7.50776],[98.32096,7.50758],[98.32096,7.5074],[98.32097,7.50721],[98.32096,7.50704],[98.32089,7.50687],[98.32081,7.5067],[98.32073,7.50653],[98.32072,7.50636],[98.32078,7.5062],[98.32087,7.50603],[98.32095,7.50587],[98.32103,7.5057],[98.32109,7.50553],[98.32114,7.50536],[98.32116,7.50518],[98.32116,7.50499],[98.32115,7.50481],[98.32117,7.50463],[98.32123,7.50445],[98.3213,7.50427],[98.3214,7.50411],[98.32151,7.50401],[98.32168,7.50406],[98.32187,7.50414],[98.32207,7.50417],[98.32221,7.50412],[98.3223,7.50396],[98.32237,7.50378],[98.32246,7.50363],[98.32259,7.50349],[98.32273,7.50337],[98.32288,7.50328],[98.32305,7.50322],[98.32322,7.50318],[98.32341,7.50315],[98.32359,7.50312],[98.32376,7.50307],[98.32393,7.50301],[98.3241,7.50293],[98.32426,7.50283],[98.3244,7.50272],[98.32451,7.50259],[98.3246,7.50242],[98.32467,7.50226],[98.32474,7.50209],[98.32479,7.50191],[98.32484,7.50173],[98.32487,7.50156],[98.3249,7.50138],[98.3249,7.5012],[98.32488,7.50102],[98.32486,7.50084],[98.32482,7.50066],[98.32479,7.50048],[98.32475,7.50031],[98.32471,7.50013],[98.32467,7.49995],[98.32464,7.49976],[98.32463,7.49958],[98.32471,7.49942],[98.32488,7.49939],[98.325,7.4995],[98.32512,7.49964],[98.32523,7.49979],[98.32535,7.49994],[98.32546,7.50009],[98.32557,7.50024],[98.32567,7.50039],[98.32577,7.50055],[98.32589,7.50068],[98.32603,7.50079],[98.32619,7.50087],[98.32636,7.50094],[98.32653,7.50101],[98.3267,7.50108],[98.32686,7.50115],[98.32703,7.50122],[98.3272,7.5013],[98.32736,7.50137],[98.32753,7.50145],[98.32769,7.50153],[98.32785,7.50162],[98.32799,7.50173],[98.32808,7.50188],[98.32815,7.50206],[98.32817,7.50224],[98.32812,7.50241],[98.32803,7.50257],[98.32792,7.50271],[98.32784,7.50287],[98.32779,7.50306],[98.32784,7.50322],[98.32796,7.50336],[98.32809,7.50349],[98.3282,7.50364],[98.32828,7.5038],[98.32836,7.50396],[98.32841,7.50414],[98.32827,7.50422],[98.32807,7.50422],[98.3279,7.50419],[98.32772,7.50417],[98.32753,7.50416],[98.32734,7.50418],[98.32717,7.50422],[98.32706,7.50437],[98.32708,7.50452],[98.32723,7.50465],[98.32739,7.50474],[98.32744,7.5049],[98.32733,7.50505],[98.32719,7.50517],[98.32706,7.5053],[98.32694,7.50543],[98.32685,7.50559],[98.32681,7.50577],[98.32683,7.50595],[98.3269,7.50611],[98.32699,7.50627],[98.32709,7.50643],[98.32716,7.50659],[98.32723,7.50676],[98.32729,7.50693],[98.32735,7.5071],[98.32742,7.50727],[98.32749,7.50744],[98.32756,7.50761],[98.32763,7.50778],[98.32771,7.50794],[98.32781,7.50809],[98.32793,7.50822],[98.32807,7.50833],[98.32824,7.50842],[98.3284,7.5085],[98.32857,7.50856],[98.32875,7.50861],[98.32893,7.50866],[98.3291,7.50873],[98.32925,7.50882],[98.32939,7.50893],[98.32952,7.50905],[98.32964,7.50919],[98.32976,7.50933],[98.32987,7.50948],[98.32998,7.50962],[98.33007,7.50978],[98.33013,7.50996],[98.33018,7.51014],[98.33024,7.51031],[98.33034,7.51045],[98.33048,7.51055],[98.33064,7.51063],[98.33081,7.5107],[98.33099,7.51077],[98.33115,7.51086],[98.3313,7.51096],[98.33146,7.51106],[98.33161,7.51116],[98.33174,7.51128],[98.33185,7.51142],[98.33195,7.51158],[98.33203,7.51174],[98.33209,7.51191],[98.33214,7.51209],[98.33218,7.51226],[98.33222,7.51244],[98.33225,7.51262],[98.33227,7.5128],[98.3323,7.51298],[98.33235,7.51328],[98.33243,7.51344],[98.33251,7.5136],[98.33258,7.51377],[98.33264,7.51394],[98.33273,7.51409],[98.33283,7.51425],[98.33291,7.5144],[98.333,7.51457],[98.33308,7.51473],[98.33315,7.51489],[98.33322,7.51506],[98.33329,7.51523],[98.33337,7.51539],[98.33344,7.51556],[98.33351,7.51573],[98.33356,7.5159],[98.3336,7.51608],[98.33364,7.51625],[98.33368,7.51643],[98.33372,7.5166],[98.33374,7.51678],[98.33374,7.51696],[98.33373,7.51715],[98.33373,7.51733],[98.33373,7.51751],[98.33374,7.51769],[98.33378,7.51786],[98.33385,7.51803],[98.33391,7.5182],[98.33394,7.51838],[98.33395,7.51856],[98.33395,7.51874],[98.33393,7.51892],[98.33387,7.5191],[98.33383,7.51927],[98.3338,7.51945],[98.33379,7.51963],[98.33379,7.51981],[98.33381,7.51999],[98.33385,7.52017],[98.3339,7.52034],[98.33396,7.52052],[98.33402,7.52068],[98.33409,7.52085],[98.33416,7.52102],[98.33424,7.52118],[98.33431,7.52135],[98.3344,7.52151],[98.33449,7.52167],[98.33457,7.52183],[98.33464,7.52199],[98.33472,7.52217],[98.33477,7.52235],[98.33475,7.52251],[98.33462,7.52264],[98.33445,7.52274],[98.33429,7.52281],[98.33411,7.52285],[98.33392,7.52289],[98.33374,7.52292],[98.3336,7.52301],[98.33351,7.52316],[98.33342,7.52333]]],[[[98.323,7.49446],[98.32315,7.49455],[98.32331,7.49464],[98.32347,7.49474],[98.32361,7.49485],[98.32374,7.49498],[98.32386,7.49511],[98.32398,7.49525],[98.32409,7.4954],[98.32419,7.49555],[98.32427,7.4957],[98.32435,7.49587],[98.32443,7.49604],[98.32449,7.4962],[98.32455,7.49638],[98.3246,7.49655],[98.32463,7.49673],[98.32466,7.49691],[98.3247,7.49709],[98.32473,7.49726],[98.32475,7.49744],[98.32475,7.49762],[98.32473,7.49781],[98.3247,7.49798],[98.32457,7.49811],[98.32439,7.49813],[98.32422,7.49807],[98.32408,7.49796],[98.32394,7.49784],[98.32382,7.4977],[98.32371,7.49755],[98.32362,7.4974],[98.32352,7.49725],[98.32344,7.49709],[98.32335,7.49693],[98.32326,7.49677],[98.32318,7.49661],[98.3231,7.49644],[98.32302,7.49627],[98.32293,7.49611],[98.32283,7.49597],[98.32269,7.49588],[98.32251,7.49583],[98.32232,7.49579],[98.32215,7.49573],[98.32197,7.49568],[98.3218,7.49563],[98.32164,7.49555],[98.32149,7.49545],[98.32135,7.49533],[98.32121,7.49521],[98.32108,7.49509],[98.32094,7.49497],[98.3208,7.49486],[98.32066,7.49474],[98.32051,7.49464],[98.32036,7.49454],[98.3202,7.49446],[98.32002,7.49441],[98.31984,7.49442],[98.31966,7.49437],[98.31951,7.49427],[98.31943,7.49411],[98.31938,7.49394],[98.31935,7.49376],[98.31932,7.49358],[98.3193,7.4934],[98.31928,7.49322],[98.31927,7.49303],[98.31924,7.49286],[98.31921,7.49268],[98.31917,7.4925],[98.31911,7.49232],[98.31905,7.49215],[98.31895,7.49201],[98.31878,7.49192],[98.31867,7.49179],[98.31864,7.4916],[98.31861,7.49142],[98.31857,7.49124],[98.31847,7.4911],[98.31833,7.49098],[98.31827,7.49081],[98.31824,7.49063],[98.31821,7.49045],[98.31819,7.49027],[98.31817,7.49009],[98.31815,7.48991],[98.31811,7.48973],[98.31804,7.48957],[98.31796,7.4894],[98.31789,7.48924],[98.31782,7.48907],[98.31776,7.4889],[98.31772,7.48872],[98.3177,7.48854],[98.31767,7.48836],[98.31761,7.48819],[98.31751,7.48804],[98.31738,7.48791],[98.31726,7.48778],[98.31711,7.48766],[98.317,7.48753],[98.31696,7.48735],[98.31694,7.48717],[98.31688,7.487],[98.31677,7.48686],[98.31663,7.48673],[98.31649,7.48662],[98.31633,7.48653],[98.31617,7.48645],[98.31601,7.48637],[98.31584,7.48629],[98.31568,7.48621],[98.31552,7.48612],[98.31536,7.48603],[98.31521,7.48594],[98.31506,7.48583],[98.31493,7.4857],[98.31484,7.48555],[98.31481,7.48537],[98.31481,7.48519],[98.31478,7.48501],[98.31473,7.48483],[98.31467,7.48466],[98.3146,7.48449],[98.31451,7.48434],[98.31441,7.48419],[98.3143,7.48404],[98.3142,7.4839],[98.31409,7.48375],[98.31399,7.4836],[98.3139,7.48344],[98.31384,7.48327],[98.31378,7.4831],[98.31373,7.48292],[98.31369,7.48275],[98.31365,7.48257],[98.31362,7.48239],[98.31362,7.48221],[98.31376,7.48209],[98.31392,7.48201],[98.31404,7.48187],[98.31412,7.48171],[98.31418,7.48154],[98.31419,7.48136],[98.31415,7.48118],[98.31411,7.481],[98.31408,7.48082],[98.31405,7.48064],[98.31402,7.48047],[98.31399,7.48029],[98.31396,7.48011],[98.31394,7.47993],[98.31392,7.47975],[98.3139,7.47957],[98.3139,7.47939],[98.31391,7.47921],[98.31393,7.47903],[98.31396,7.47885],[98.314,7.47867],[98.31406,7.4785],[98.31419,7.47845],[98.3143,7.47861],[98.31437,7.47878],[98.31442,7.47895],[98.31446,7.47913],[98.31451,7.4793],[98.31458,7.47947],[98.31465,7.47963],[98.31473,7.4798],[98.3148,7.47996],[98.31488,7.48013],[98.31495,7.48029],[98.31503,7.48046],[98.3151,7.48062],[98.31517,7.48079],[98.31523,7.48096],[98.31528,7.48113],[98.31532,7.48131],[98.31536,7.48149],[98.31539,7.48167],[98.31542,7.48185],[98.31544,7.48202],[98.31547,7.4822],[98.3155,7.48238],[98.31553,7.48256],[98.31555,7.48274],[98.31558,7.48292],[98.31561,7.4831],[98.31565,7.48328],[98.3157,7.48345],[98.31576,7.48362],[98.31584,7.48379],[98.31595,7.48393],[98.31607,7.48406],[98.31622,7.48416],[98.31637,7.48426],[98.31653,7.48436],[98.31668,7.48447],[98.31682,7.48458],[98.31697,7.48469],[98.31711,7.4848],[98.31725,7.48492],[98.31738,7.48504],[98.31751,7.48517],[98.31764,7.4853],[98.31777,7.48543],[98.31788,7.48557],[98.31799,7.48571],[98.31808,7.48586],[98.31815,7.48603],[98.3182,7.48621],[98.31825,7.48638],[98.3183,7.48656],[98.31834,7.48673],[98.31839,7.48691],[98.31844,7.48708],[98.31852,7.48724],[98.3186,7.4874],[98.31869,7.48756],[98.31878,7.48772],[98.31888,7.48787],[98.31897,7.48803],[98.31906,7.48819],[98.31915,7.48835],[98.31924,7.4885],[98.31933,7.48866],[98.31942,7.48881],[98.31953,7.489],[98.31962,7.48916],[98.31971,7.48932],[98.31978,7.48949],[98.31984,7.48966],[98.31989,7.48983],[98.31992,7.49001],[98.31993,7.49019],[98.31994,7.49037],[98.31994,7.49055],[98.31995,7.49074],[98.31997,7.49092],[98.31999,7.4911],[98.32002,7.49127],[98.32006,7.49145],[98.32011,7.49163],[98.32016,7.49181],[98.32022,7.49198],[98.32029,7.49214],[98.32038,7.49229],[98.3205,7.49242],[98.32064,7.49255],[98.32077,7.49267],[98.32091,7.4928],[98.32102,7.49294],[98.32112,7.49309],[98.32121,7.49325],[98.32132,7.49339],[98.32145,7.49352],[98.3216,7.49362],[98.32175,7.49372],[98.3219,7.49382],[98.32206,7.49392],[98.32221,7.49401],[98.32236,7.49411],[98.32252,7.4942],[98.32268,7.49429],[98.32284,7.49437],[98.323,7.49446]]]]}},{"type":"Feature","properties":{"scopeId":"district-8302","kind":"district","code":"8302","nameTh":"อำเภอกะทู้","nameEn":"Kathu","bbox":[98.25815524938913,7.871070246838885,98.36628589382421,7.972191387420329],"centroid":[98.31392920706558,7.917446782375672]},"geometry":{"type":"Polygon","coordinates":[[[98.35163,7.94374],[98.35135,7.94383],[98.35113,7.9439],[98.35091,7.94393],[98.35069,7.94394],[98.35045,7.94394],[98.35022,7.94394],[98.34998,7.94393],[98.34975,7.94391],[98.34953,7.94387],[98.34932,7.9438],[98.34913,7.94371],[98.34898,7.94356],[98.34885,7.94337],[98.34872,7.94316],[98.34858,7.94297],[98.34842,7.9428],[98.34825,7.94264],[98.34806,7.94248],[98.34786,7.94237],[98.34765,7.94233],[98.34744,7.94235],[98.34723,7.94239],[98.34701,7.94246],[98.34679,7.94255],[98.34657,7.94265],[98.34636,7.94275],[98.34616,7.94286],[98.34596,7.94297],[98.34577,7.94309],[98.34558,7.94321],[98.34539,7.94334],[98.3452,7.94347],[98.34502,7.9436],[98.34483,7.94373],[98.34465,7.94387],[98.34447,7.944],[98.34428,7.94413],[98.3441,7.94426],[98.34391,7.94439],[98.34373,7.94453],[98.34354,7.94466],[98.34336,7.94479],[98.34318,7.94492],[98.34299,7.94506],[98.34281,7.94519],[98.34263,7.94532],[98.34244,7.94545],[98.34226,7.94558],[98.34207,7.94572],[98.34189,7.94585],[98.34171,7.94599],[98.34152,7.94613],[98.34134,7.94626],[98.34115,7.94639],[98.34097,7.94652],[98.34077,7.94664],[98.34058,7.94675],[98.34038,7.94685],[98.34017,7.94693],[98.33995,7.947],[98.33973,7.94706],[98.33951,7.94711],[98.33928,7.94716],[98.33906,7.94719],[98.33884,7.94723],[98.33861,7.94726],[98.33839,7.94728],[98.33816,7.9473],[98.33793,7.94732],[98.33771,7.94733],[98.33748,7.94735],[98.33725,7.94737],[98.33703,7.9474],[98.3368,7.94743],[98.33658,7.94746],[98.33635,7.94749],[98.33612,7.94751],[98.33589,7.94754],[98.33566,7.94757],[98.33544,7.94761],[98.33521,7.94765],[98.33499,7.9477],[98.33478,7.94776],[98.33457,7.94784],[98.33437,7.94793],[98.33419,7.94805],[98.33401,7.9482],[98.33384,7.94836],[98.33367,7.94852],[98.3335,7.94867],[98.33332,7.94881],[98.33313,7.94893],[98.33293,7.94904],[98.33273,7.94914],[98.33252,7.94925],[98.33231,7.94934],[98.3321,7.94943],[98.33189,7.94952],[98.33168,7.94959],[98.33146,7.94966],[98.33124,7.94971],[98.33102,7.94975],[98.33079,7.94977],[98.33055,7.94978],[98.33032,7.94976],[98.33009,7.94973],[98.32988,7.94968],[98.32972,7.94955],[98.3296,7.94934],[98.32947,7.94914],[98.32931,7.94897],[98.32915,7.94882],[98.32895,7.9487],[98.32874,7.9486],[98.32852,7.94857],[98.3283,7.94859],[98.32808,7.94865],[98.32786,7.94872],[98.32764,7.9488],[98.32743,7.94889],[98.32723,7.949],[98.32703,7.94911],[98.32683,7.9492],[98.32661,7.94925],[98.32637,7.94928],[98.32614,7.9493],[98.32591,7.94928],[98.3257,7.94924],[98.32551,7.94912],[98.32534,7.94896],[98.32517,7.9488],[98.325,7.94865],[98.32483,7.9485],[98.32467,7.94835],[98.3245,7.94819],[98.32433,7.94804],[98.32416,7.9479],[98.32398,7.94775],[98.3238,7.94761],[98.32362,7.94748],[98.32344,7.94734],[98.32326,7.9472],[98.32308,7.94707],[98.32289,7.94694],[98.32271,7.9468],[98.32253,7.94667],[98.32234,7.94654],[98.32216,7.9464],[98.32198,7.94627],[98.3218,7.94613],[98.32161,7.946],[98.32143,7.94587],[98.32125,7.94573],[98.32106,7.9456],[98.32088,7.94547],[98.32069,7.94534],[98.32051,7.94521],[98.32032,7.94508],[98.32014,7.94495],[98.31995,7.94482],[98.31976,7.9447],[98.31957,7.94458],[98.31937,7.94446],[98.31918,7.94435],[98.31898,7.94423],[98.31879,7.94411],[98.31852,7.9439],[98.31831,7.94383],[98.31809,7.94381],[98.31786,7.9438],[98.31762,7.94379],[98.31739,7.94381],[98.31716,7.94383],[98.31695,7.94388],[98.31675,7.94397],[98.31658,7.94413],[98.31644,7.94432],[98.31632,7.94451],[98.31623,7.94472],[98.31614,7.94493],[98.31605,7.94514],[98.31593,7.94533],[98.3158,7.94551],[98.31565,7.94568],[98.31549,7.94585],[98.31534,7.94601],[98.31518,7.94618],[98.31503,7.94635],[98.31489,7.94653],[98.31476,7.94671],[98.31462,7.94689],[98.31448,7.94708],[98.31434,7.94726],[98.31422,7.94746],[98.3141,7.94765],[98.31401,7.94785],[98.31393,7.94806],[98.31387,7.94827],[98.31382,7.94849],[98.31378,7.94871],[98.31376,7.94894],[98.31374,7.94917],[98.31372,7.9494],[98.31372,7.94963],[98.31372,7.94986],[98.31372,7.95009],[98.31373,7.95031],[98.31376,7.95053],[98.3138,7.95075],[98.31385,7.95098],[98.31391,7.9512],[98.31397,7.95142],[98.31403,7.95164],[98.31408,7.95186],[98.31415,7.95208],[98.31422,7.95229],[98.31429,7.95251],[98.31435,7.95273],[98.31441,7.95295],[98.31444,7.95317],[98.31445,7.95339],[98.31444,7.95362],[98.31441,7.95384],[98.31437,7.95407],[98.31432,7.95429],[98.31425,7.95451],[98.31417,7.95472],[98.31408,7.95492],[98.31398,7.95513],[98.31388,7.95533],[98.31378,7.95554],[98.31369,7.95574],[98.3136,7.95595],[98.31352,7.95616],[98.31344,7.95638],[98.31337,7.95659],[98.3133,7.9568],[98.31323,7.95702],[98.31316,7.95724],[98.31309,7.95745],[98.31302,7.95767],[98.31295,7.95788],[98.31288,7.9581],[98.3128,7.95831],[98.31272,7.95852],[98.31264,7.95873],[98.31256,7.95894],[98.31248,7.95915],[98.3124,7.95936],[98.31231,7.95958],[98.31223,7.95978],[98.31214,7.95999],[98.31205,7.9602],[98.31197,7.96041],[98.31188,7.96062],[98.31179,7.96083],[98.31165,7.961],[98.31145,7.96121],[98.31129,7.96138],[98.31114,7.96155],[98.31098,7.96171],[98.31081,7.96185],[98.31062,7.96198],[98.31042,7.96209],[98.31021,7.96219],[98.31,7.96227],[98.30978,7.96234],[98.30956,7.96237],[98.30933,7.96236],[98.3091,7.96233],[98.30887,7.96233],[98.30866,7.96238],[98.30844,7.96246],[98.30823,7.96254],[98.30802,7.96264],[98.30782,7.96276],[98.30763,7.96289],[98.30745,7.96303],[98.3073,7.96318],[98.30715,7.96335],[98.30701,7.96353],[98.30688,7.96372],[98.30676,7.96391],[98.30663,7.9641],[98.30651,7.96429],[98.30638,7.96448],[98.30624,7.96467],[98.30612,7.96486],[98.30599,7.96506],[98.30587,7.96527],[98.30575,7.96547],[98.30561,7.96566],[98.30547,7.96584],[98.30532,7.96598],[98.30514,7.9661],[98.30495,7.96618],[98.30474,7.96623],[98.30451,7.96626],[98.30428,7.96628],[98.30404,7.96628],[98.3038,7.96627],[98.30356,7.96626],[98.30333,7.96626],[98.3031,7.96625],[98.30288,7.96622],[98.30265,7.96619],[98.30243,7.96615],[98.3022,7.96611],[98.30198,7.96608],[98.30175,7.96605],[98.30153,7.96603],[98.3013,7.96602],[98.30108,7.96602],[98.30085,7.96602],[98.30062,7.96603],[98.3004,7.96605],[98.30017,7.96607],[98.29994,7.96609],[98.29972,7.96611],[98.29949,7.96614],[98.29927,7.96617],[98.29904,7.9662],[98.29882,7.96623],[98.29859,7.96626],[98.29837,7.9663],[98.29815,7.96633],[98.29792,7.96637],[98.2977,7.96641],[98.29747,7.96645],[98.29725,7.96649],[98.29703,7.96653],[98.2968,7.96657],[98.29658,7.96661],[98.29636,7.96665],[98.29614,7.96669],[98.29591,7.96674],[98.29569,7.96678],[98.29547,7.96683],[98.29525,7.96688],[98.29503,7.96693],[98.2948,7.96698],[98.29458,7.96702],[98.29436,7.96707],[98.29414,7.96712],[98.29392,7.96717],[98.2937,7.96722],[98.29348,7.96727],[98.29325,7.96731],[98.29302,7.96735],[98.2928,7.96739],[98.29257,7.96743],[98.29234,7.96747],[98.29212,7.96751],[98.2919,7.96756],[98.29168,7.96763],[98.29147,7.9677],[98.29127,7.96778],[98.29107,7.96789],[98.29087,7.968],[98.29068,7.96812],[98.2905,7.96826],[98.29031,7.9684],[98.29014,7.96855],[98.28997,7.9687],[98.2898,7.96886],[98.28964,7.96902],[98.28949,7.96919],[98.28935,7.96937],[98.28922,7.96955],[98.2891,7.96974],[98.28897,7.96993],[98.28885,7.97013],[98.28873,7.97033],[98.28861,7.97052],[98.28848,7.97071],[98.28835,7.97089],[98.28821,7.97106],[98.28806,7.97123],[98.2879,7.97138],[98.28772,7.97154],[98.28754,7.97168],[98.28734,7.97181],[98.28714,7.97193],[98.28693,7.97203],[98.28671,7.9721],[98.2865,7.97214],[98.28628,7.97217],[98.28606,7.97219],[98.28584,7.97219],[98.28561,7.97219],[98.28539,7.97218],[98.28516,7.97216],[98.28493,7.97214],[98.2847,7.97211],[98.28447,7.97208],[98.28424,7.97205],[98.28401,7.97201],[98.28378,7.97197],[98.28356,7.97194],[98.28333,7.9719],[98.28311,7.97186],[98.28289,7.97182],[98.28267,7.97177],[98.28245,7.97172],[98.28223,7.97167],[98.28201,7.97161],[98.28179,7.97156],[98.28157,7.9715],[98.28135,7.97144],[98.28113,7.97138],[98.28091,7.97133],[98.28069,7.97127],[98.28047,7.97121],[98.28025,7.97115],[98.28003,7.9711],[98.27981,7.97104],[98.27959,7.97098],[98.27937,7.97093],[98.27915,7.97087],[98.27893,7.97081],[98.27871,7.97075],[98.27849,7.97069],[98.27827,7.97064],[98.27805,7.97058],[98.27783,7.97052],[98.27762,7.97046],[98.2774,7.9704],[98.27718,7.97034],[98.27696,7.97028],[98.27674,7.97022],[98.27652,7.97016],[98.27631,7.97009],[98.27649,7.96996],[98.27668,7.96983],[98.27688,7.96973],[98.2771,7.96968],[98.27733,7.96965],[98.27756,7.96963],[98.27779,7.96962],[98.27801,7.96962],[98.27824,7.96964],[98.27847,7.96966],[98.2787,7.96965],[98.27892,7.96961],[98.27913,7.9695],[98.2793,7.96936],[98.2794,7.96916],[98.27945,7.96893],[98.27947,7.9687],[98.27945,7.96847],[98.27939,7.96825],[98.27928,7.96806],[98.27911,7.96791],[98.27891,7.96778],[98.2787,7.96769],[98.2785,7.96759],[98.2784,7.96739],[98.27837,7.96716],[98.27849,7.96698],[98.27869,7.96686],[98.2788,7.96667],[98.27886,7.96645],[98.27889,7.96622],[98.27898,7.96602],[98.27912,7.96584],[98.27922,7.96564],[98.27924,7.96541],[98.2793,7.9652],[98.27944,7.96502],[98.27948,7.9648],[98.27948,7.96457],[98.27949,7.96434],[98.27957,7.96413],[98.27967,7.96392],[98.27983,7.96377],[98.28004,7.96366],[98.28027,7.9636],[98.28048,7.96359],[98.28069,7.96368],[98.2809,7.9638],[98.2811,7.96389],[98.28132,7.96398],[98.28153,7.96405],[98.28176,7.96407],[98.28199,7.96409],[98.28222,7.96407],[98.28243,7.96401],[98.28264,7.9639],[98.28282,7.96375],[98.28295,7.96357],[98.28306,7.96338],[98.28316,7.96317],[98.28324,7.96296],[98.28331,7.96274],[98.28336,7.96252],[98.28339,7.96229],[98.2834,7.96207],[98.28341,7.96184],[98.2834,7.96161],[98.2834,7.96138],[98.28338,7.96116],[98.28337,7.96093],[98.28336,7.96071],[98.28334,7.96048],[98.28332,7.96026],[98.2833,7.96003],[98.28328,7.95981],[98.28325,7.95958],[98.28323,7.95936],[98.2832,7.95913],[98.28318,7.95891],[98.28315,7.95868],[98.28313,7.95846],[98.2831,7.95823],[98.28307,7.95801],[98.28303,7.95779],[98.283,7.95756],[98.28297,7.95734],[98.28294,7.95711],[98.28291,7.95689],[98.28288,7.95666],[98.28286,7.95644],[98.28283,7.95622],[98.28281,7.95599],[98.28278,7.95577],[98.28275,7.95554],[98.28273,7.95532],[98.2827,7.95509],[98.28267,7.95487],[98.28265,7.95464],[98.28263,7.95441],[98.28261,7.95418],[98.28258,7.95396],[98.28255,7.95373],[98.28249,7.95352],[98.28242,7.95331],[98.28233,7.9531],[98.28223,7.9529],[98.28211,7.9527],[98.28198,7.95251],[98.28184,7.95232],[98.2817,7.95215],[98.28155,7.95198],[98.28139,7.95183],[98.28121,7.95169],[98.28101,7.95157],[98.28081,7.95145],[98.28061,7.95135],[98.2804,7.95125],[98.2802,7.95117],[98.27998,7.9511],[98.27976,7.95103],[98.27954,7.95097],[98.27932,7.9509],[98.27911,7.95083],[98.2789,7.95074],[98.2787,7.95064],[98.27849,7.95054],[98.27829,7.95043],[98.27809,7.95032],[98.27788,7.95021],[98.27773,7.95006],[98.27768,7.94984],[98.27771,7.9496],[98.27778,7.94939],[98.27791,7.9492],[98.27804,7.94901],[98.27814,7.94879],[98.27819,7.94856],[98.27806,7.94842],[98.27783,7.94833],[98.2776,7.94831],[98.27737,7.94834],[98.27715,7.94843],[98.27696,7.94855],[98.27681,7.94872],[98.2767,7.94892],[98.27665,7.94914],[98.27662,7.94937],[98.27662,7.9496],[98.27665,7.94983],[98.27672,7.95006],[98.27679,7.95028],[98.2768,7.95049],[98.27669,7.95069],[98.27648,7.95082],[98.27627,7.95083],[98.27605,7.9508],[98.27582,7.95073],[98.2756,7.95064],[98.27542,7.95049],[98.27523,7.95037],[98.27502,7.95038],[98.2748,7.95043],[98.27457,7.9505],[98.27435,7.95055],[98.27412,7.95057],[98.27388,7.9506],[98.27365,7.95061],[98.27342,7.95062],[98.2732,7.95061],[98.27299,7.95057],[98.2728,7.95046],[98.27264,7.95027],[98.27252,7.95007],[98.27243,7.94987],[98.27235,7.94965],[98.27228,7.94943],[98.27221,7.94921],[98.27214,7.949],[98.27204,7.9488],[98.27193,7.9486],[98.27178,7.94842],[98.27161,7.94827],[98.27142,7.94814],[98.27121,7.94808],[98.27098,7.94807],[98.27075,7.94807],[98.27051,7.94808],[98.27028,7.9481],[98.27007,7.94806],[98.26989,7.94793],[98.26973,7.94776],[98.26955,7.94762],[98.26934,7.94753],[98.26912,7.94749],[98.26889,7.94745],[98.26866,7.94743],[98.26844,7.94739],[98.26825,7.94728],[98.26807,7.94712],[98.26789,7.94697],[98.2677,7.94689],[98.26747,7.9469],[98.26724,7.94696],[98.26703,7.94707],[98.26688,7.94723],[98.26676,7.94743],[98.26663,7.94762],[98.26645,7.94775],[98.26624,7.94786],[98.26601,7.94792],[98.26579,7.94793],[98.26557,7.94788],[98.26536,7.94781],[98.26514,7.94774],[98.26491,7.94768],[98.26468,7.94764],[98.26444,7.94763],[98.26425,7.94769],[98.2641,7.94785],[98.26398,7.94806],[98.26388,7.94827],[98.26379,7.94849],[98.26372,7.94871],[98.26362,7.9489],[98.26345,7.94905],[98.26324,7.94915],[98.26303,7.94925],[98.26281,7.94933],[98.26262,7.94927],[98.26246,7.94908],[98.26233,7.94889],[98.26223,7.94869],[98.26212,7.94849],[98.262,7.9483],[98.26186,7.94811],[98.26177,7.94792],[98.26177,7.94769],[98.26181,7.94746],[98.26186,7.94724],[98.26192,7.94702],[98.26196,7.9468],[98.262,7.94658],[98.26203,7.94635],[98.26205,7.94613],[98.26205,7.9459],[98.26205,7.94568],[98.26204,7.94545],[98.26203,7.94522],[98.2621,7.94501],[98.26224,7.94483],[98.26236,7.94461],[98.26245,7.9444],[98.26234,7.94426],[98.2621,7.94416],[98.26191,7.94404],[98.26171,7.94393],[98.26152,7.94381],[98.26133,7.94368],[98.26116,7.94354],[98.26101,7.94336],[98.26091,7.94316],[98.26086,7.94294],[98.26081,7.94272],[98.26078,7.94249],[98.26074,7.94227],[98.26065,7.94206],[98.26054,7.94187],[98.26041,7.94168],[98.26028,7.9415],[98.26014,7.94132],[98.26001,7.94113],[98.25988,7.94094],[98.25975,7.94075],[98.25963,7.94056],[98.25952,7.94036],[98.25944,7.94016],[98.25939,7.93994],[98.25936,7.93971],[98.25933,7.93948],[98.25931,7.93926],[98.25928,7.93903],[98.25921,7.93882],[98.25906,7.93865],[98.25891,7.93848],[98.25883,7.93827],[98.25879,7.93804],[98.25874,7.93782],[98.25867,7.93761],[98.25861,7.93739],[98.25854,7.93718],[98.25847,7.93696],[98.25839,7.93675],[98.25832,7.93653],[98.25826,7.93631],[98.25821,7.93609],[98.25817,7.93587],[98.25816,7.93565],[98.25825,7.93544],[98.25844,7.93532],[98.25863,7.93519],[98.2588,7.93501],[98.25898,7.93489],[98.25918,7.93488],[98.2594,7.93494],[98.25962,7.93504],[98.25983,7.93515],[98.26003,7.93526],[98.26021,7.93542],[98.26039,7.93555],[98.26061,7.93556],[98.26082,7.93546],[98.26098,7.93531],[98.26113,7.93512],[98.26127,7.93494],[98.26139,7.93474],[98.2614,7.93454],[98.26132,7.93431],[98.26128,7.93409],[98.26128,7.93386],[98.26133,7.93364],[98.26141,7.93343],[98.2615,7.93322],[98.26158,7.93301],[98.26165,7.9328],[98.26173,7.93258],[98.26184,7.93238],[98.26195,7.93218],[98.26201,7.93197],[98.26203,7.93174],[98.26201,7.93151],[98.26196,7.9313],[98.26187,7.93109],[98.26177,7.93088],[98.26167,7.93068],[98.26158,7.93047],[98.26151,7.93025],[98.26145,7.93003],[98.2614,7.92981],[98.26138,7.92959],[98.26142,7.92935],[98.26137,7.92915],[98.26119,7.92901],[98.26102,7.92885],[98.26091,7.92865],[98.26084,7.92843],[98.26082,7.92821],[98.26088,7.92796],[98.26101,7.9278],[98.26122,7.92778],[98.26147,7.92782],[98.26168,7.92791],[98.26191,7.92795],[98.26198,7.92776],[98.262,7.92752],[98.262,7.92728],[98.26206,7.92709],[98.26228,7.92698],[98.26239,7.92679],[98.26245,7.92657],[98.26249,7.92634],[98.26259,7.92614],[98.26273,7.92596],[98.26286,7.92578],[98.26294,7.92556],[98.263,7.92533],[98.26301,7.9251],[98.26293,7.92492],[98.26274,7.92477],[98.26254,7.92465],[98.26232,7.92458],[98.26211,7.92449],[98.26196,7.92431],[98.26199,7.9241],[98.26213,7.92391],[98.26234,7.92387],[98.26258,7.92389],[98.26279,7.92381],[98.26296,7.92369],[98.26312,7.92383],[98.26329,7.92402],[98.26347,7.92415],[98.26369,7.92417],[98.26394,7.92414],[98.26414,7.92418],[98.26429,7.92433],[98.26442,7.92453],[98.26454,7.92474],[98.26467,7.92493],[98.2648,7.92512],[98.26494,7.92528],[98.26513,7.92541],[98.26532,7.92553],[98.26551,7.92567],[98.26569,7.9258],[98.26587,7.92593],[98.26607,7.92605],[98.26628,7.92613],[98.2665,7.92618],[98.26673,7.92621],[98.26695,7.92621],[98.26718,7.92621],[98.26741,7.9262],[98.26764,7.92616],[98.26785,7.92607],[98.26795,7.92588],[98.26796,7.92564],[98.26787,7.92543],[98.26783,7.92522],[98.26788,7.92499],[98.26795,7.92478],[98.26803,7.92457],[98.26811,7.92436],[98.2682,7.92414],[98.26827,7.92391],[98.26839,7.92373],[98.26859,7.92365],[98.26883,7.92362],[98.26907,7.92364],[98.26927,7.92373],[98.26945,7.92388],[98.26965,7.92398],[98.26988,7.92397],[98.27012,7.92394],[98.27037,7.92389],[98.27055,7.92393],[98.27066,7.92411],[98.27073,7.92434],[98.27077,7.92459],[98.27078,7.92481],[98.27073,7.92503],[98.27068,7.92526],[98.27067,7.92549],[98.27068,7.92573],[98.27073,7.92596],[98.27084,7.92612],[98.27104,7.92622],[98.27129,7.92626],[98.27151,7.92626],[98.27174,7.92623],[98.27196,7.92619],[98.27219,7.92615],[98.27241,7.9261],[98.27264,7.92607],[98.27286,7.92604],[98.27309,7.92602],[98.27331,7.92599],[98.27354,7.92596],[98.27376,7.92592],[98.27398,7.92587],[98.2742,7.92582],[98.27442,7.92575],[98.27463,7.92568],[98.27485,7.9256],[98.27507,7.92552],[98.27528,7.92543],[98.27548,7.92532],[98.27562,7.92516],[98.2757,7.92495],[98.27575,7.92472],[98.27574,7.92449],[98.27568,7.92426],[98.27575,7.92407],[98.27594,7.92392],[98.27611,7.92377],[98.27627,7.92361],[98.27647,7.92351],[98.27664,7.92336],[98.27676,7.92317],[98.27689,7.92298],[98.27703,7.9228],[98.27719,7.92261],[98.27737,7.92249],[98.27758,7.92246],[98.27781,7.92248],[98.27804,7.92253],[98.27827,7.92259],[98.27847,7.9227],[98.27866,7.92283],[98.27885,7.92275],[98.27885,7.92252],[98.27887,7.92229],[98.27897,7.92209],[98.27909,7.9219],[98.27931,7.92159],[98.27945,7.92141],[98.27958,7.92122],[98.27961,7.921],[98.27964,7.92077],[98.27972,7.92056],[98.27992,7.9205],[98.28016,7.9205],[98.28039,7.92043],[98.28061,7.92036],[98.28079,7.92023],[98.2809,7.92005],[98.28098,7.91984],[98.28105,7.91961],[98.28111,7.91939],[98.28115,7.91916],[98.28116,7.91892],[98.28119,7.9187],[98.28129,7.91852],[98.28148,7.91839],[98.28171,7.91831],[98.28193,7.91829],[98.28217,7.91834],[98.28238,7.91831],[98.28256,7.91816],[98.28275,7.91805],[98.28298,7.91797],[98.28316,7.91785],[98.28326,7.91765],[98.28338,7.91745],[98.28355,7.91731],[98.28374,7.91718],[98.28393,7.91706],[98.28414,7.91695],[98.28434,7.91686],[98.28455,7.91677],[98.28477,7.91669],[98.28499,7.91662],[98.28522,7.91658],[98.28543,7.91657],[98.28565,7.91662],[98.28586,7.91671],[98.28607,7.91681],[98.28628,7.9169],[98.28649,7.917],[98.2867,7.91708],[98.28692,7.91713],[98.28715,7.91716],[98.28737,7.91718],[98.2876,7.9172],[98.28782,7.91722],[98.28805,7.91723],[98.28828,7.91725],[98.2885,7.91727],[98.28873,7.91729],[98.28895,7.91732],[98.28918,7.91737],[98.28939,7.91745],[98.28961,7.91752],[98.28983,7.91752],[98.29005,7.91747],[98.29027,7.9174],[98.29048,7.91731],[98.29069,7.91722],[98.2909,7.91713],[98.2911,7.91703],[98.2913,7.91692],[98.29149,7.9168],[98.29166,7.91665],[98.29181,7.91648],[98.29196,7.9163],[98.29211,7.91614],[98.29228,7.91599],[98.29247,7.91586],[98.29265,7.91572],[98.29283,7.91558],[98.29299,7.91542],[98.29312,7.91524],[98.29323,7.91504],[98.29333,7.91484],[98.29345,7.91464],[98.29357,7.91445],[98.29369,7.91426],[98.29381,7.91407],[98.29394,7.91388],[98.29406,7.91369],[98.29418,7.9135],[98.2943,7.9133],[98.29442,7.91311],[98.29454,7.91292],[98.29465,7.91273],[98.29478,7.91253],[98.2949,7.91234],[98.29503,7.91216],[98.29516,7.91198],[98.29529,7.91179],[98.2954,7.91159],[98.29551,7.91139],[98.29561,7.91119],[98.29572,7.91099],[98.29581,7.91078],[98.29589,7.91057],[98.29599,7.91037],[98.29617,7.91022],[98.29636,7.91009],[98.29652,7.90994],[98.29661,7.90973],[98.29664,7.9095],[98.29659,7.90928],[98.2965,7.90907],[98.29643,7.90885],[98.29645,7.90863],[98.29649,7.90841],[98.29654,7.90819],[98.2966,7.90797],[98.29666,7.90775],[98.29671,7.90753],[98.29675,7.9073],[98.29679,7.90708],[98.29683,7.90685],[98.29686,7.90663],[98.29687,7.9064],[98.29686,7.90618],[98.29685,7.90596],[98.29683,7.90573],[98.29681,7.90551],[98.29678,7.90528],[98.29675,7.90506],[98.29672,7.90483],[98.29669,7.90461],[98.29666,7.90438],[98.29663,7.90416],[98.2966,7.90394],[98.29656,7.90371],[98.29653,7.90349],[98.2965,7.90326],[98.29647,7.90304],[98.29644,7.90281],[98.29641,7.90259],[98.29638,7.90236],[98.29635,7.90214],[98.29633,7.90192],[98.2963,7.90169],[98.29627,7.90147],[98.29624,7.90124],[98.2962,7.90102],[98.29616,7.9008],[98.29611,7.90058],[98.29606,7.90036],[98.29601,7.90014],[98.29595,7.89992],[98.29589,7.8997],[98.29583,7.89948],[98.29576,7.89927],[98.2957,7.89905],[98.29563,7.89883],[98.29556,7.89862],[98.29549,7.8984],[98.29542,7.89819],[98.29535,7.89797],[98.29527,7.89776],[98.2952,7.89755],[98.29512,7.89733],[98.29504,7.89712],[98.29497,7.89691],[98.29489,7.89669],[98.29481,7.89648],[98.29473,7.89627],[98.29465,7.89606],[98.29458,7.89585],[98.2945,7.89563],[98.29442,7.89542],[98.29434,7.89521],[98.29426,7.895],[98.29419,7.89478],[98.29411,7.89457],[98.29403,7.89436],[98.29395,7.89415],[98.29387,7.89393],[98.29379,7.89372],[98.29371,7.89351],[98.29362,7.89331],[98.29353,7.8931],[98.29344,7.89289],[98.29334,7.89268],[98.29325,7.89248],[98.29316,7.89227],[98.29306,7.89207],[98.29297,7.89186],[98.29287,7.89166],[98.29277,7.89145],[98.29267,7.89125],[98.29256,7.89105],[98.29246,7.89085],[98.29235,7.89065],[98.29224,7.89045],[98.29213,7.89025],[98.29202,7.89006],[98.29191,7.88986],[98.29179,7.88966],[98.29167,7.88947],[98.29155,7.88928],[98.29143,7.88909],[98.2913,7.8889],[98.29117,7.88872],[98.29103,7.88854],[98.29089,7.88837],[98.29073,7.88821],[98.29056,7.88806],[98.29038,7.88792],[98.2902,7.88778],[98.29001,7.88765],[98.28982,7.88752],[98.28964,7.88738],[98.28945,7.88725],[98.28926,7.88713],[98.28906,7.88701],[98.28886,7.88691],[98.28866,7.88682],[98.28844,7.88675],[98.28822,7.88672],[98.28799,7.88668],[98.28777,7.88664],[98.28755,7.8866],[98.28732,7.88654],[98.2871,7.88648],[98.28693,7.88636],[98.28692,7.88614],[98.28694,7.88591],[98.28697,7.88567],[98.28702,7.88545],[98.28709,7.88522],[98.28714,7.88501],[98.28702,7.88484],[98.28684,7.88494],[98.28679,7.88516],[98.28677,7.88539],[98.28676,7.88562],[98.28676,7.88584],[98.28675,7.88607],[98.28675,7.8863],[98.28674,7.88653],[98.28663,7.88672],[98.28643,7.88686],[98.28623,7.88688],[98.28602,7.88677],[98.28579,7.8867],[98.2857,7.88686],[98.28574,7.88709],[98.28581,7.88731],[98.28591,7.88752],[98.28602,7.88772],[98.28611,7.88792],[98.28617,7.88817],[98.28609,7.88834],[98.28587,7.88841],[98.28563,7.88844],[98.2854,7.88844],[98.28518,7.8884],[98.28499,7.88829],[98.28482,7.88813],[98.28462,7.88803],[98.2844,7.88801],[98.28417,7.88801],[98.28394,7.888],[98.28371,7.88796],[98.28349,7.88791],[98.28327,7.88786],[98.28304,7.88785],[98.28281,7.88787],[98.2826,7.88794],[98.28245,7.88811],[98.28238,7.88834],[98.28226,7.88851],[98.28203,7.88857],[98.28181,7.88852],[98.28159,7.88844],[98.28137,7.88845],[98.28116,7.88855],[98.281,7.88871],[98.281,7.88894],[98.28107,7.88915],[98.28114,7.88937],[98.28118,7.8896],[98.28115,7.88982],[98.28096,7.88995],[98.28073,7.88998],[98.28052,7.88992],[98.28031,7.88985],[98.2801,7.88976],[98.27989,7.88966],[98.27969,7.88955],[98.27948,7.88945],[98.27928,7.88935],[98.27907,7.88925],[98.27886,7.88915],[98.27865,7.88905],[98.27846,7.88893],[98.27829,7.88879],[98.27815,7.88861],[98.27804,7.8884],[98.27793,7.88819],[98.2778,7.88802],[98.27762,7.8879],[98.27742,7.8878],[98.27721,7.88772],[98.27699,7.88765],[98.27676,7.88758],[98.27654,7.88753],[98.27631,7.88749],[98.27608,7.88746],[98.27586,7.88743],[98.27564,7.88741],[98.27541,7.88739],[98.27518,7.88738],[98.27496,7.88737],[98.27473,7.88736],[98.2745,7.88736],[98.27427,7.88735],[98.27405,7.88735],[98.27382,7.88736],[98.27359,7.88736],[98.27336,7.88736],[98.27314,7.88737],[98.2729,7.88737],[98.27267,7.88737],[98.27243,7.88738],[98.27219,7.88739],[98.27197,7.88743],[98.27176,7.88748],[98.27156,7.88755],[98.27141,7.88769],[98.27131,7.88791],[98.27123,7.88815],[98.27117,7.88837],[98.27114,7.88859],[98.27112,7.88882],[98.27111,7.88905],[98.27109,7.88927],[98.27105,7.8895],[98.271,7.88972],[98.27094,7.88994],[98.27087,7.89015],[98.27077,7.89036],[98.27065,7.89054],[98.27049,7.89071],[98.27032,7.89086],[98.27014,7.89101],[98.26997,7.89115],[98.26978,7.89129],[98.26959,7.89141],[98.26938,7.89148],[98.26916,7.89151],[98.26892,7.89151],[98.26869,7.8915],[98.26847,7.89145],[98.26827,7.89135],[98.26805,7.89129],[98.26782,7.89127],[98.26763,7.89137],[98.26756,7.89159],[98.26736,7.8917],[98.26715,7.8917],[98.26695,7.89158],[98.26672,7.89155],[98.26651,7.89163],[98.26639,7.89181],[98.26632,7.89203],[98.26624,7.89225],[98.26611,7.89243],[98.26593,7.89256],[98.2657,7.8926],[98.26552,7.89248],[98.26538,7.89229],[98.26525,7.8921],[98.2651,7.89194],[98.26488,7.89183],[98.26467,7.89181],[98.26444,7.89189],[98.26429,7.89205],[98.26425,7.89227],[98.26426,7.89251],[98.26427,7.89274],[98.2643,7.89296],[98.26432,7.89319],[98.26433,7.89341],[98.26429,7.89365],[98.26413,7.89378],[98.2639,7.89383],[98.26367,7.89385],[98.26345,7.89382],[98.26323,7.89372],[98.2631,7.89355],[98.26299,7.89333],[98.26296,7.89311],[98.26302,7.89291],[98.26315,7.89271],[98.26326,7.89251],[98.26339,7.89231],[98.2635,7.89211],[98.26353,7.89188],[98.26346,7.89165],[98.26329,7.89156],[98.26306,7.89153],[98.26282,7.8915],[98.26259,7.89145],[98.26236,7.89138],[98.26218,7.89126],[98.26203,7.89109],[98.26191,7.89089],[98.26185,7.89067],[98.26185,7.89045],[98.26188,7.89022],[98.26191,7.88999],[98.26191,7.88977],[98.26185,7.88955],[98.26177,7.88934],[98.26168,7.88913],[98.26159,7.88892],[98.26153,7.8887],[98.26148,7.88848],[98.26143,7.88826],[98.26136,7.88804],[98.2613,7.88783],[98.26127,7.8876],[98.26123,7.88738],[98.26111,7.88719],[98.26094,7.88703],[98.2608,7.88685],[98.26089,7.88668],[98.26109,7.88652],[98.2613,7.88642],[98.26146,7.88628],[98.26156,7.88608],[98.26166,7.88587],[98.26177,7.88567],[98.26192,7.8855],[98.26207,7.88533],[98.26224,7.88517],[98.26242,7.88503],[98.2626,7.8849],[98.26281,7.88481],[98.26304,7.88475],[98.26327,7.88469],[98.26346,7.8846],[98.2636,7.88444],[98.26367,7.88422],[98.26373,7.88399],[98.26383,7.88378],[98.26396,7.88359],[98.264,7.88337],[98.26399,7.88315],[98.26399,7.88292],[98.26397,7.88268],[98.26396,7.88245],[98.26397,7.88223],[98.26403,7.88202],[98.26412,7.88181],[98.26425,7.8816],[98.26441,7.88143],[98.26459,7.88131],[98.2648,7.88123],[98.26503,7.88116],[98.26527,7.88111],[98.26551,7.88109],[98.26573,7.88109],[98.26594,7.88113],[98.2661,7.88126],[98.26624,7.88145],[98.26638,7.88166],[98.26655,7.88181],[98.26676,7.88186],[98.267,7.88188],[98.26722,7.88193],[98.26744,7.88199],[98.26766,7.88204],[98.26788,7.8821],[98.2681,7.88216],[98.26831,7.88224],[98.26851,7.88234],[98.26872,7.88244],[98.26893,7.88253],[98.26914,7.88259],[98.26936,7.88265],[98.26958,7.88272],[98.26979,7.88281],[98.26998,7.88292],[98.27018,7.88304],[98.27037,7.88316],[98.27057,7.88326],[98.2708,7.88333],[98.27102,7.88336],[98.27122,7.88326],[98.2713,7.88305],[98.27132,7.88282],[98.27132,7.88259],[98.27128,7.88237],[98.27121,7.88216],[98.27112,7.88188],[98.27116,7.88166],[98.2712,7.88144],[98.27125,7.88121],[98.2713,7.881],[98.27138,7.88079],[98.27148,7.88058],[98.27158,7.88038],[98.27168,7.88017],[98.27178,7.87997],[98.27189,7.87977],[98.272,7.87958],[98.27212,7.87938],[98.27222,7.87918],[98.27229,7.87895],[98.27233,7.87872],[98.2724,7.8785],[98.27252,7.87837],[98.27277,7.87842],[98.27299,7.87836],[98.27318,7.87824],[98.27333,7.87807],[98.27347,7.87788],[98.27362,7.87771],[98.27381,7.87762],[98.27405,7.8776],[98.27428,7.87757],[98.2745,7.87754],[98.2747,7.87745],[98.27485,7.87727],[98.27503,7.87715],[98.27526,7.87711],[98.27539,7.87694],[98.27524,7.87677],[98.27517,7.87656],[98.27531,7.87637],[98.27534,7.87617],[98.27525,7.87595],[98.27518,7.87573],[98.27513,7.8755],[98.27507,7.87528],[98.27496,7.8751],[98.27479,7.87494],[98.2746,7.87482],[98.27438,7.87472],[98.27417,7.87466],[98.27461,7.87442],[98.27483,7.87436],[98.27505,7.8743],[98.27527,7.87424],[98.27549,7.87419],[98.27571,7.87414],[98.27594,7.87408],[98.27617,7.87401],[98.2764,7.87395],[98.27662,7.87392],[98.27683,7.87395],[98.27702,7.87404],[98.2772,7.87417],[98.27738,7.87432],[98.27755,7.87449],[98.27771,7.87466],[98.27787,7.87483],[98.27801,7.875],[98.27816,7.87517],[98.27829,7.87535],[98.27843,7.87553],[98.27857,7.87571],[98.27872,7.87588],[98.27887,7.87606],[98.27903,7.87622],[98.27919,7.87638],[98.27938,7.8765],[98.27958,7.87662],[98.2798,7.8767],[98.28001,7.87674],[98.28024,7.87676],[98.28047,7.87676],[98.2807,7.87674],[98.28093,7.8767],[98.28115,7.87665],[98.28135,7.87656],[98.28153,7.87642],[98.28173,7.87629],[98.28193,7.87621],[98.28216,7.87615],[98.28239,7.87612],[98.28261,7.87615],[98.28282,7.87621],[98.28304,7.87628],[98.28326,7.87636],[98.28348,7.87641],[98.2837,7.87645],[98.28393,7.87647],[98.28416,7.87649],[98.28438,7.87649],[98.28461,7.87648],[98.28484,7.87646],[98.28506,7.87643],[98.28529,7.87638],[98.2855,7.8763],[98.2857,7.8762],[98.28588,7.87606],[98.28604,7.8759],[98.28619,7.87572],[98.2863,7.87552],[98.28638,7.87531],[98.2865,7.87512],[98.28664,7.87494],[98.2868,7.87477],[98.28695,7.87461],[98.28712,7.87445],[98.28729,7.8743],[98.28748,7.87418],[98.28768,7.87407],[98.28788,7.87398],[98.2881,7.87389],[98.28831,7.87381],[98.28853,7.87373],[98.28874,7.87364],[98.28894,7.87354],[98.28913,7.87342],[98.2893,7.87329],[98.28947,7.87313],[98.28963,7.87297],[98.28978,7.8728],[98.28993,7.87262],[98.29007,7.87244],[98.2902,7.87226],[98.2903,7.87205],[98.29039,7.87184],[98.29049,7.87163],[98.29061,7.87145],[98.29078,7.87128],[98.29098,7.87115],[98.29118,7.87107],[98.29139,7.87108],[98.29161,7.87117],[98.29181,7.8713],[98.292,7.87144],[98.29217,7.87159],[98.29233,7.87174],[98.29249,7.87191],[98.29265,7.87207],[98.29281,7.87223],[98.29298,7.87238],[98.29315,7.87253],[98.29331,7.87269],[98.29348,7.87284],[98.29365,7.87299],[98.29382,7.87314],[98.29399,7.87328],[98.29417,7.87343],[98.29435,7.87356],[98.29454,7.87368],[98.29474,7.8738],[98.29495,7.87389],[98.29516,7.87398],[98.29537,7.87408],[98.29558,7.87417],[98.29579,7.87426],[98.29601,7.87434],[98.29623,7.8744],[98.29644,7.87444],[98.29666,7.87446],[98.29688,7.87445],[98.2971,7.87441],[98.29733,7.87435],[98.29755,7.87427],[98.29777,7.8742],[98.29799,7.87413],[98.2982,7.87406],[98.29842,7.87398],[98.29863,7.8739],[98.29884,7.87382],[98.29905,7.87374],[98.29926,7.87366],[98.29948,7.87358],[98.29969,7.87351],[98.29991,7.87343],[98.30012,7.87334],[98.30034,7.87326],[98.30055,7.87318],[98.30077,7.87313],[98.30099,7.87311],[98.30121,7.87311],[98.30144,7.87312],[98.30166,7.87314],[98.30189,7.87318],[98.30212,7.87322],[98.30234,7.87327],[98.30256,7.87333],[98.30278,7.87339],[98.303,7.87345],[98.30321,7.87353],[98.30343,7.8736],[98.30364,7.87369],[98.30385,7.87377],[98.30407,7.87386],[98.30428,7.87394],[98.30449,7.87403],[98.3047,7.8741],[98.30492,7.87417],[98.30513,7.87423],[98.30535,7.87429],[98.30557,7.87432],[98.3058,7.87433],[98.30602,7.87431],[98.30625,7.87429],[98.30648,7.87426],[98.30671,7.87424],[98.30694,7.87422],[98.30728,7.87421],[98.30751,7.8742],[98.30774,7.87419],[98.30796,7.87418],[98.30819,7.87417],[98.30841,7.87416],[98.30864,7.87415],[98.30887,7.87414],[98.30909,7.87413],[98.30932,7.87412],[98.30955,7.87411],[98.30978,7.87409],[98.31,7.87408],[98.31023,7.87407],[98.31045,7.87406],[98.31068,7.87404],[98.31091,7.87402],[98.31113,7.874],[98.31136,7.87397],[98.31158,7.87394],[98.3118,7.8739],[98.31203,7.87386],[98.31225,7.87381],[98.31247,7.87376],[98.31269,7.87371],[98.31291,7.87366],[98.31314,7.87362],[98.31336,7.87357],[98.31358,7.87353],[98.31381,7.8735],[98.31403,7.87348],[98.31426,7.87346],[98.31448,7.87344],[98.31471,7.87342],[98.31494,7.87341],[98.31516,7.8734],[98.31539,7.87338],[98.31562,7.87337],[98.31584,7.87335],[98.31607,7.87332],[98.3163,7.8733],[98.31652,7.87328],[98.31675,7.87326],[98.31698,7.87323],[98.3172,7.87319],[98.31742,7.87314],[98.31763,7.87307],[98.31784,7.87299],[98.31804,7.87288],[98.31824,7.87278],[98.31844,7.87267],[98.31865,7.87256],[98.31886,7.87247],[98.31907,7.8724],[98.31928,7.87233],[98.3195,7.87227],[98.31972,7.87221],[98.31994,7.87215],[98.32016,7.8721],[98.32038,7.87204],[98.3206,7.87199],[98.32082,7.87194],[98.32104,7.87188],[98.32126,7.87183],[98.32148,7.87177],[98.3217,7.87171],[98.32192,7.87164],[98.32213,7.87156],[98.32235,7.87148],[98.32256,7.87141],[98.32278,7.87134],[98.323,7.87128],[98.32322,7.87123],[98.32344,7.87121],[98.32366,7.87122],[98.32389,7.87124],[98.32412,7.87127],[98.32435,7.87129],[98.32461,7.8713],[98.32484,7.8713],[98.32507,7.8713],[98.3253,7.8713],[98.32553,7.87131],[98.32575,7.87133],[98.32598,7.87136],[98.32619,7.87141],[98.32641,7.87147],[98.32662,7.87154],[98.32684,7.87162],[98.32705,7.8717],[98.32726,7.87179],[98.32747,7.87188],[98.32768,7.87197],[98.32788,7.87207],[98.32809,7.87216],[98.3283,7.87225],[98.3285,7.87235],[98.3287,7.87246],[98.3289,7.87257],[98.3291,7.87269],[98.32932,7.87281],[98.32952,7.87291],[98.32972,7.87302],[98.32992,7.87313],[98.33012,7.87324],[98.33032,7.87334],[98.33052,7.87345],[98.33071,7.87356],[98.33091,7.87367],[98.33111,7.87378],[98.33131,7.87389],[98.33151,7.874],[98.33171,7.87411],[98.3319,7.87422],[98.3321,7.87433],[98.3323,7.87444],[98.3325,7.87455],[98.33269,7.87466],[98.33289,7.87477],[98.33309,7.87489],[98.33329,7.875],[98.33348,7.87511],[98.33368,7.87523],[98.33388,7.87535],[98.33407,7.87547],[98.33426,7.87559],[98.33446,7.87572],[98.33466,7.87584],[98.33485,7.87595],[98.33505,7.87606],[98.33525,7.87616],[98.33545,7.87624],[98.33566,7.87632],[98.33588,7.87634],[98.33611,7.87632],[98.33634,7.87628],[98.33657,7.87622],[98.33679,7.87616],[98.33699,7.87606],[98.33719,7.87595],[98.3374,7.87587],[98.33762,7.87581],[98.33785,7.87577],[98.33807,7.87573],[98.3383,7.87571],[98.33852,7.87569],[98.33875,7.87568],[98.33898,7.87568],[98.3392,7.87569],[98.33943,7.8757],[98.33966,7.87572],[98.33989,7.87575],[98.34011,7.87579],[98.34033,7.87584],[98.34055,7.87589],[98.34077,7.87595],[98.34099,7.87602],[98.34121,7.87609],[98.34142,7.87617],[98.34164,7.87625],[98.34184,7.87635],[98.34204,7.87645],[98.34224,7.87656],[98.34243,7.87668],[98.34261,7.87681],[98.3428,7.87695],[98.34297,7.87711],[98.34314,7.87726],[98.34329,7.87743],[98.34344,7.87761],[98.34357,7.87779],[98.34369,7.87797],[98.3438,7.87817],[98.34391,7.87836],[98.34401,7.87857],[98.34411,7.87877],[98.3442,7.87898],[98.3443,7.87919],[98.34439,7.8794],[98.34449,7.8796],[98.34459,7.87981],[98.34469,7.88001],[98.3448,7.88021],[98.34491,7.88041],[98.34502,7.88061],[98.34512,7.88081],[98.34523,7.88101],[98.34534,7.8812],[98.34545,7.8814],[98.34557,7.8816],[98.34568,7.88179],[98.34579,7.88199],[98.34591,7.88218],[98.34603,7.88237],[98.34616,7.88256],[98.34628,7.88275],[98.34642,7.88293],[98.34655,7.88311],[98.3467,7.88329],[98.34684,7.88346],[98.34699,7.88363],[98.34714,7.88381],[98.34729,7.88398],[98.34743,7.88415],[98.34757,7.88433],[98.34771,7.88451],[98.34784,7.88469],[98.34796,7.88488],[98.34806,7.88509],[98.34816,7.8853],[98.34825,7.8855],[98.34834,7.88571],[98.34845,7.88591],[98.34857,7.8861],[98.34872,7.88627],[98.34888,7.88643],[98.34904,7.88658],[98.34922,7.88673],[98.34939,7.88688],[98.34956,7.88703],[98.34972,7.88719],[98.34989,7.88735],[98.35005,7.8875],[98.35021,7.88766],[98.35036,7.88783],[98.3505,7.88801],[98.35064,7.88819],[98.35077,7.88837],[98.3509,7.88856],[98.35103,7.88875],[98.35115,7.88893],[98.35128,7.88912],[98.3514,7.88931],[98.35153,7.8895],[98.35165,7.88969],[98.35178,7.88988],[98.3519,7.89007],[98.35203,7.89026],[98.35216,7.89045],[98.35229,7.89063],[98.35242,7.89081],[98.35255,7.891],[98.35269,7.89117],[98.35283,7.89135],[98.35298,7.89152],[98.35314,7.89169],[98.3533,7.89185],[98.35348,7.892],[98.35365,7.89215],[98.35384,7.89228],[98.35402,7.8924],[98.35422,7.8925],[98.35443,7.8926],[98.35464,7.89268],[98.35485,7.89275],[98.35507,7.89282],[98.35529,7.89288],[98.35551,7.89295],[98.35573,7.89301],[98.35595,7.89307],[98.35617,7.89312],[98.35639,7.89317],[98.35662,7.89321],[98.35684,7.89326],[98.35706,7.8933],[98.35728,7.89335],[98.3575,7.89341],[98.35772,7.89347],[98.35794,7.89353],[98.35816,7.89359],[98.35837,7.89366],[98.35859,7.89373],[98.35881,7.8938],[98.35902,7.89387],[98.35924,7.89395],[98.35945,7.89403],[98.35966,7.89411],[98.35987,7.89419],[98.36008,7.89428],[98.36029,7.89436],[98.36051,7.89445],[98.36071,7.89455],[98.36092,7.89464],[98.36112,7.89474],[98.36132,7.89485],[98.36151,7.89497],[98.3617,7.89509],[98.36188,7.89522],[98.36206,7.89536],[98.36223,7.89551],[98.3624,7.89567],[98.36256,7.89583],[98.36272,7.896],[98.36287,7.89618],[98.36301,7.89635],[98.36314,7.89653],[98.36327,7.89672],[98.36339,7.89692],[98.3635,7.89712],[98.3636,7.89732],[98.36369,7.89753],[98.36377,7.89775],[98.36384,7.89796],[98.36389,7.89818],[98.36393,7.8984],[98.36394,7.89862],[98.36395,7.89885],[98.36395,7.89908],[98.36394,7.89931],[98.36392,7.89953],[98.3639,7.89976],[98.36388,7.89999],[98.36387,7.90021],[98.36384,7.90044],[98.36382,7.90066],[98.36379,7.90089],[98.36376,7.90111],[98.36372,7.90134],[98.36368,7.90156],[98.36365,7.90178],[98.36361,7.90201],[98.36356,7.90223],[98.36352,7.90245],[98.36347,7.90267],[98.36342,7.90289],[98.36336,7.90311],[98.3633,7.90333],[98.36324,7.90355],[98.36317,7.90376],[98.36309,7.90397],[98.36301,7.90419],[98.36293,7.9044],[98.36285,7.90461],[98.36276,7.90482],[98.36268,7.90503],[98.3626,7.90524],[98.36252,7.90545],[98.36245,7.90567],[98.36238,7.90588],[98.36233,7.9061],[98.36227,7.90632],[98.36222,7.90655],[98.36218,7.90677],[98.36214,7.907],[98.36211,7.90722],[98.36209,7.90745],[98.36208,7.90767],[98.36208,7.90789],[98.36209,7.90812],[98.36213,7.90834],[98.36218,7.90856],[98.36224,7.90878],[98.3623,7.909],[98.36236,7.90922],[98.36241,7.90944],[98.36246,7.90967],[98.36251,7.90989],[98.36257,7.91011],[98.36263,7.91033],[98.36268,7.91055],[98.36272,7.91077],[98.36276,7.91099],[98.36278,7.91122],[98.36279,7.91144],[98.36279,7.91167],[98.36278,7.91189],[98.36277,7.91212],[98.36275,7.91234],[98.36273,7.91257],[98.3627,7.9128],[98.36267,7.91302],[98.36263,7.91325],[98.36259,7.91347],[98.36255,7.91369],[98.3625,7.91391],[98.36244,7.91413],[98.36235,7.91434],[98.36225,7.91454],[98.36214,7.91474],[98.36204,7.91495],[98.36196,7.91516],[98.36188,7.91537],[98.36179,7.91558],[98.36171,7.91579],[98.36163,7.91601],[98.36155,7.91622],[98.36149,7.91644],[98.36144,7.91665],[98.3614,7.91687],[98.36137,7.9171],[98.36134,7.91732],[98.36133,7.91755],[98.36132,7.91778],[98.36132,7.918],[98.36132,7.91823],[98.36133,7.91846],[98.36135,7.91869],[98.36136,7.91891],[98.36139,7.91914],[98.36142,7.91936],[98.36146,7.91959],[98.36152,7.91982],[98.36159,7.92003],[98.36167,7.92024],[98.36178,7.92043],[98.36191,7.92061],[98.36205,7.92078],[98.36221,7.92095],[98.36237,7.92111],[98.36254,7.92127],[98.36271,7.92143],[98.36287,7.92159],[98.36303,7.92175],[98.36319,7.92191],[98.36335,7.92207],[98.36351,7.92224],[98.36366,7.9224],[98.36381,7.92258],[98.36394,7.92276],[98.36406,7.92295],[98.36417,7.92316],[98.36426,7.92337],[98.36434,7.92358],[98.36439,7.9238],[98.36442,7.92402],[98.36444,7.92424],[98.36445,7.92447],[98.36445,7.92469],[98.36445,7.92492],[98.36444,7.92515],[98.36442,7.92538],[98.36441,7.9256],[98.3644,7.92583],[98.36438,7.92606],[98.36437,7.92628],[98.36435,7.92651],[98.36432,7.92674],[98.36429,7.92696],[98.36426,7.92719],[98.36425,7.92741],[98.36424,7.92764],[98.36425,7.92786],[98.36426,7.92809],[98.36428,7.92831],[98.36431,7.92854],[98.36434,7.92876],[98.36437,7.92899],[98.36441,7.92921],[98.36444,7.92943],[98.36448,7.92966],[98.36453,7.92988],[98.36457,7.9301],[98.36462,7.93032],[98.36467,7.93054],[98.36472,7.93076],[98.36478,7.93098],[98.36483,7.9312],[98.36489,7.93142],[98.36494,7.93164],[98.36499,7.93186],[98.36505,7.93208],[98.36511,7.9323],[98.36517,7.93252],[98.36524,7.93273],[98.36531,7.93295],[98.36539,7.93316],[98.36548,7.93337],[98.36558,7.93357],[98.36568,7.93378],[98.36579,7.93398],[98.36589,7.93419],[98.36599,7.93439],[98.36609,7.9346],[98.36618,7.9348],[98.36626,7.935],[98.36629,7.93521],[98.36613,7.9354],[98.36591,7.93578],[98.36571,7.93586],[98.36547,7.9359],[98.36524,7.93589],[98.36502,7.93586],[98.3648,7.93582],[98.36457,7.93577],[98.36435,7.93571],[98.36413,7.93565],[98.36392,7.93558],[98.3637,7.9355],[98.36349,7.93542],[98.36328,7.93534],[98.36307,7.93526],[98.36286,7.93518],[98.36265,7.93509],[98.36244,7.93501],[98.36223,7.93492],[98.36202,7.93483],[98.36181,7.93475],[98.3616,7.93466],[98.36139,7.93457],[98.36118,7.93448],[98.36097,7.93439],[98.36077,7.9343],[98.36056,7.9342],[98.36035,7.93411],[98.36014,7.93402],[98.35994,7.93393],[98.35972,7.93385],[98.35951,7.93378],[98.3593,7.9337],[98.35908,7.93362],[98.35885,7.93355],[98.35863,7.93348],[98.3584,7.93342],[98.35818,7.93338],[98.35796,7.93336],[98.35774,7.93336],[98.35753,7.93339],[98.3573,7.93345],[98.35708,7.93354],[98.35686,7.93364],[98.35666,7.93376],[98.35647,7.9339],[98.35631,7.93406],[98.35618,7.93423],[98.35606,7.93441],[98.35596,7.93461],[98.35587,7.93481],[98.35579,7.93503],[98.35572,7.93524],[98.35565,7.93547],[98.35557,7.93569],[98.3555,7.93591],[98.35542,7.93613],[98.35534,7.93634],[98.35525,7.93655],[98.35516,7.93676],[98.35506,7.93696],[98.35496,7.93717],[98.35486,7.93737],[98.35476,7.93758],[98.35467,7.93779],[98.35458,7.938],[98.3545,7.93821],[98.35443,7.93842],[98.35437,7.93863],[98.35431,7.93885],[98.35428,7.93907],[98.35425,7.9393],[98.35424,7.93952],[98.35423,7.93975],[98.35422,7.93998],[98.35421,7.94021],[98.3542,7.94044],[98.35418,7.94066],[98.35414,7.94088],[98.3541,7.9411],[98.35403,7.94132],[98.35396,7.94154],[98.35388,7.94175],[98.35379,7.94196],[98.35369,7.94217],[98.35358,7.94237],[98.35347,7.94256],[98.35334,7.94275],[98.3532,7.94293],[98.35305,7.9431],[98.35288,7.94326],[98.3527,7.9434],[98.35252,7.94352],[98.35231,7.9436],[98.35209,7.94365],[98.35186,7.94369],[98.35163,7.94374]]]}},{"type":"Feature","properties":{"scopeId":"district-8303","kind":"district","code":"8303","nameTh":"อำเภอถลาง","nameEn":"Thalang","bbox":[98.26987605380936,7.94233034282421,98.47166953972943,8.200427383760191],"centroid":[98.34603169784275,8.05548076428477]},"geometry":{"type":"MultiPolygon","coordinates":[[[[98.3661,8.13464],[98.36577,8.13439],[98.36551,8.13419],[98.3655,8.13419],[98.36532,8.13405],[98.36515,8.13391],[98.36497,8.13377],[98.3648,8.13362],[98.36463,8.13347],[98.36445,8.13332],[98.36428,8.13317],[98.36411,8.13302],[98.36394,8.13287],[98.36377,8.13272],[98.36361,8.13256],[98.36346,8.13239],[98.36332,8.13222],[98.36318,8.13204],[98.36305,8.13186],[98.36293,8.13167],[98.36281,8.13148],[98.36269,8.13128],[98.36258,8.13108],[98.36247,8.13088],[98.36237,8.13068],[98.36226,8.13048],[98.36216,8.13028],[98.36206,8.13007],[98.36195,8.12987],[98.36185,8.12967],[98.36176,8.12947],[98.36166,8.12926],[98.36157,8.12905],[98.36148,8.12885],[98.36138,8.12864],[98.36129,8.12843],[98.3612,8.12823],[98.3611,8.12802],[98.361,8.12782],[98.3609,8.12762],[98.36079,8.12742],[98.36069,8.12722],[98.36058,8.12702],[98.36048,8.12682],[98.36037,8.12662],[98.36026,8.12642],[98.36015,8.12622],[98.36004,8.12602],[98.35993,8.12582],[98.35982,8.12563],[98.35971,8.12543],[98.3596,8.12523],[98.35949,8.12503],[98.35938,8.12483],[98.35927,8.12463],[98.35917,8.12443],[98.35906,8.12423],[98.35895,8.12403],[98.35884,8.12383],[98.35873,8.12363],[98.35861,8.12344],[98.35848,8.12325],[98.35835,8.12307],[98.35821,8.1229],[98.35806,8.12273],[98.35791,8.12257],[98.35774,8.12241],[98.35757,8.12226],[98.3574,8.12212],[98.35722,8.12198],[98.35704,8.12184],[98.35685,8.12171],[98.35667,8.12157],[98.35648,8.12144],[98.35629,8.12131],[98.35611,8.12118],[98.35592,8.12105],[98.35574,8.12092],[98.35555,8.12079],[98.35536,8.12067],[98.35517,8.12055],[98.35497,8.12043],[98.35478,8.12031],[98.35459,8.12019],[98.35439,8.12007],[98.3542,8.11995],[98.35401,8.11982],[98.35382,8.1197],[98.35363,8.11958],[98.35344,8.11945],[98.35326,8.11932],[98.35307,8.11919],[98.35289,8.11906],[98.35271,8.11892],[98.35252,8.11879],[98.35234,8.11865],[98.35216,8.11851],[98.35197,8.11837],[98.35179,8.11823],[98.35162,8.11809],[98.35144,8.11794],[98.35126,8.1178],[98.35109,8.11765],[98.35093,8.1175],[98.35076,8.11734],[98.3506,8.11718],[98.35045,8.11702],[98.3503,8.11685],[98.35018,8.11667],[98.35008,8.11647],[98.34999,8.11626],[98.34991,8.11605],[98.34984,8.11583],[98.34976,8.11561],[98.34967,8.1154],[98.34951,8.11564],[98.34942,8.11586],[98.34932,8.11607],[98.3492,8.11625],[98.34903,8.11638],[98.34883,8.11647],[98.3486,8.11654],[98.34837,8.11658],[98.34814,8.11662],[98.3479,8.11662],[98.34764,8.1166],[98.34741,8.1166],[98.34723,8.11666],[98.3471,8.1168],[98.34703,8.11701],[98.34698,8.11726],[98.34694,8.1175],[98.34691,8.11773],[98.34691,8.11797],[98.34689,8.11819],[98.34674,8.11835],[98.34652,8.11844],[98.34627,8.11843],[98.34624,8.11861],[98.34625,8.11884],[98.34629,8.11908],[98.34632,8.11931],[98.34636,8.11954],[98.3464,8.11976],[98.34643,8.11998],[98.34642,8.12021],[98.34641,8.12043],[98.3464,8.12066],[98.34638,8.12088],[98.34635,8.12111],[98.34633,8.12133],[98.3463,8.12156],[98.34628,8.12179],[98.34625,8.12201],[98.34622,8.12223],[98.3462,8.12246],[98.34617,8.12268],[98.34614,8.12291],[98.34611,8.12313],[98.34608,8.12336],[98.34604,8.12358],[98.34601,8.1238],[98.34597,8.12403],[98.34593,8.12425],[98.34589,8.12447],[98.34584,8.12469],[98.3458,8.12491],[98.34575,8.12513],[98.3457,8.12536],[98.34565,8.12558],[98.34561,8.1258],[98.34557,8.12602],[98.34554,8.12624],[98.3455,8.12647],[98.34547,8.12669],[98.34544,8.12692],[98.34541,8.12714],[98.34538,8.12736],[98.34535,8.12759],[98.34532,8.12781],[98.34529,8.12804],[98.34527,8.12826],[98.34524,8.12849],[98.34522,8.12871],[98.3452,8.12894],[98.34519,8.12916],[98.34518,8.12939],[98.34518,8.12962],[98.34519,8.12984],[98.34519,8.13007],[98.34521,8.1303],[98.34522,8.13052],[98.34524,8.13075],[98.34526,8.13097],[98.34529,8.1312],[98.34531,8.13142],[98.34534,8.13165],[98.34537,8.13187],[98.34539,8.1321],[98.34541,8.13232],[98.34543,8.13255],[98.34545,8.13277],[98.34546,8.133],[98.34547,8.13322],[98.34547,8.13345],[98.34547,8.13368],[98.34546,8.1339],[98.34546,8.13413],[98.34546,8.13435],[98.34547,8.13458],[98.34548,8.13481],[98.3455,8.13505],[98.34553,8.13528],[98.34561,8.13548],[98.34577,8.13561],[98.34599,8.1357],[98.34622,8.13578],[98.34641,8.1359],[98.34659,8.13604],[98.34675,8.1362],[98.34692,8.13636],[98.34707,8.13653],[98.34721,8.13671],[98.34734,8.13689],[98.34746,8.13708],[98.34757,8.13728],[98.34767,8.13749],[98.34775,8.13771],[98.3478,8.13792],[98.34784,8.13814],[98.34788,8.13836],[98.34791,8.13859],[98.34793,8.13881],[98.34796,8.13904],[98.34797,8.13927],[98.34798,8.1395],[98.34799,8.13972],[98.34799,8.13995],[98.34799,8.14018],[98.34798,8.1404],[98.34797,8.14063],[98.34795,8.14085],[98.34793,8.14108],[98.34791,8.1413],[98.34788,8.14153],[98.34786,8.14175],[98.34783,8.14198],[98.34781,8.1422],[98.34785,8.14256],[98.34788,8.14278],[98.34791,8.14301],[98.34793,8.14323],[98.34793,8.14346],[98.34793,8.14371],[98.34791,8.14395],[98.34785,8.14413],[98.34762,8.14414],[98.34741,8.14401],[98.34724,8.1438],[98.34711,8.14377],[98.34702,8.14397],[98.34696,8.14423],[98.34695,8.14448],[98.34696,8.14474],[98.34685,8.14485],[98.34665,8.14484],[98.3464,8.14479],[98.34616,8.14473],[98.34593,8.1447],[98.3457,8.14467],[98.34547,8.14463],[98.34524,8.1446],[98.34501,8.14458],[98.34479,8.14458],[98.34457,8.1446],[98.34435,8.14465],[98.34413,8.14472],[98.34392,8.14482],[98.34371,8.14492],[98.34351,8.14504],[98.34333,8.14518],[98.34317,8.14533],[98.34303,8.1455],[98.34291,8.1457],[98.34281,8.14591],[98.34272,8.14613],[98.34266,8.14635],[98.34261,8.14657],[98.3426,8.14679],[98.34263,8.14701],[98.34266,8.14724],[98.34269,8.14747],[98.34268,8.1477],[98.34267,8.14792],[98.34265,8.14815],[98.34262,8.14837],[98.34259,8.1486],[98.34254,8.14882],[98.34249,8.14904],[98.34242,8.14925],[98.34235,8.14947],[98.34227,8.14968],[98.34219,8.1499],[98.34213,8.15011],[98.34207,8.15033],[98.34203,8.15055],[98.34199,8.15078],[98.34196,8.151],[98.34194,8.15123],[98.34192,8.15145],[98.34191,8.15168],[98.34191,8.15191],[98.34193,8.15213],[98.34196,8.15235],[98.34201,8.15258],[98.34205,8.1528],[98.34207,8.15303],[98.34207,8.15325],[98.34206,8.15348],[98.34204,8.1537],[98.34201,8.15393],[98.34198,8.15415],[98.34196,8.15438],[98.34194,8.1546],[98.34192,8.15483],[98.3419,8.15506],[98.34188,8.1553],[98.34191,8.15552],[98.34201,8.1557],[98.3422,8.15586],[98.34241,8.15594],[98.34263,8.15591],[98.34285,8.15581],[98.34305,8.1557],[98.34323,8.15555],[98.34341,8.15543],[98.34365,8.15544],[98.34379,8.1556],[98.34388,8.15583],[98.34398,8.15603],[98.34416,8.15614],[98.34439,8.15618],[98.34462,8.15624],[98.34485,8.15633],[98.34504,8.15644],[98.34513,8.15663],[98.34518,8.15685],[98.34519,8.15709],[98.34517,8.15733],[98.34512,8.15754],[98.34502,8.15775],[98.3449,8.15795],[98.34474,8.15812],[98.34457,8.15827],[98.34439,8.1584],[98.3442,8.15852],[98.344,8.15863],[98.3438,8.15874],[98.34359,8.15884],[98.34339,8.15894],[98.34319,8.15905],[98.34298,8.15915],[98.34276,8.15923],[98.34254,8.15931],[98.34232,8.15939],[98.34212,8.15949],[98.34195,8.15962],[98.34181,8.15979],[98.3417,8.15998],[98.3416,8.16018],[98.34152,8.1604],[98.34143,8.16062],[98.34132,8.16082],[98.3412,8.16101],[98.34107,8.1612],[98.34093,8.16138],[98.34079,8.16155],[98.34064,8.16173],[98.3405,8.16191],[98.34036,8.16209],[98.34023,8.16227],[98.34008,8.16244],[98.33992,8.16262],[98.33978,8.1628],[98.33965,8.16299],[98.33954,8.16318],[98.33947,8.16339],[98.33942,8.1636],[98.33938,8.16382],[98.33936,8.16404],[98.33935,8.16427],[98.33934,8.1645],[98.33934,8.16473],[98.33935,8.16496],[98.33935,8.16519],[98.33935,8.16542],[98.33935,8.16565],[98.33935,8.16588],[98.33936,8.1661],[98.33938,8.16633],[98.33939,8.16656],[98.33941,8.16678],[98.33942,8.16701],[98.33943,8.16724],[98.33944,8.16746],[98.33943,8.16769],[98.33941,8.16791],[98.33939,8.16813],[98.33935,8.16836],[98.33931,8.16858],[98.33927,8.1688],[98.33922,8.16902],[98.33916,8.16925],[98.3391,8.16946],[98.33903,8.16968],[98.33895,8.1699],[98.33888,8.17011],[98.33879,8.17032],[98.3387,8.17053],[98.33861,8.17073],[98.3385,8.17093],[98.33839,8.17113],[98.33828,8.17133],[98.33815,8.17152],[98.33803,8.17171],[98.3379,8.1719],[98.33776,8.17208],[98.33762,8.17226],[98.33748,8.17243],[98.33732,8.1726],[98.33714,8.17276],[98.33695,8.1729],[98.33676,8.17301],[98.33655,8.17308],[98.33634,8.1731],[98.33611,8.17309],[98.33588,8.17305],[98.33564,8.17301],[98.33542,8.17297],[98.33519,8.17293],[98.33497,8.17288],[98.33475,8.17283],[98.33452,8.17278],[98.3343,8.17274],[98.33408,8.17271],[98.33385,8.1727],[98.33362,8.17271],[98.33339,8.17273],[98.33316,8.17278],[98.33294,8.17284],[98.33274,8.17293],[98.33255,8.17303],[98.33236,8.17316],[98.33218,8.17331],[98.33201,8.17346],[98.33185,8.17362],[98.33168,8.17378],[98.33152,8.17395],[98.33138,8.17412],[98.33124,8.1743],[98.3311,8.17449],[98.33095,8.17466],[98.3308,8.17482],[98.33063,8.17496],[98.33043,8.17507],[98.33022,8.17515],[98.33,8.17522],[98.32977,8.17527],[98.32955,8.17532],[98.32932,8.17536],[98.32909,8.17537],[98.32886,8.17538],[98.32863,8.17539],[98.32841,8.17543],[98.32821,8.17551],[98.32801,8.17562],[98.32783,8.17574],[98.32765,8.17588],[98.32747,8.17603],[98.32729,8.17618],[98.32711,8.17632],[98.32692,8.17645],[98.32674,8.17658],[98.32655,8.17671],[98.32636,8.17684],[98.32617,8.17696],[98.32599,8.17709],[98.3258,8.17722],[98.32561,8.17734],[98.32542,8.17747],[98.32523,8.17759],[98.32503,8.17771],[98.32484,8.17782],[98.32464,8.17794],[98.32444,8.17804],[98.32424,8.17815],[98.32403,8.17824],[98.32382,8.17834],[98.32361,8.17843],[98.32341,8.17852],[98.3232,8.17862],[98.323,8.17872],[98.3228,8.17883],[98.32261,8.17895],[98.32244,8.17908],[98.32228,8.17924],[98.32214,8.17942],[98.32201,8.17961],[98.32187,8.1798],[98.32173,8.17998],[98.32157,8.18013],[98.32138,8.18028],[98.3212,8.18041],[98.32103,8.18056],[98.32089,8.18073],[98.32077,8.18092],[98.32068,8.18113],[98.32061,8.18135],[98.32054,8.18157],[98.32048,8.18179],[98.32045,8.18202],[98.32043,8.18225],[98.3204,8.18248],[98.32033,8.18269],[98.32021,8.18286],[98.32003,8.183],[98.31983,8.18312],[98.31962,8.18323],[98.31941,8.18332],[98.3192,8.1834],[98.31899,8.18348],[98.31878,8.18357],[98.31858,8.18367],[98.31838,8.18379],[98.3182,8.18392],[98.31801,8.18406],[98.31784,8.18421],[98.31768,8.18436],[98.31752,8.18453],[98.31737,8.1847],[98.31723,8.18487],[98.31709,8.18505],[98.31694,8.18523],[98.31679,8.1854],[98.31663,8.18556],[98.31647,8.18571],[98.31629,8.18585],[98.31612,8.186],[98.31593,8.18613],[98.31575,8.18626],[98.31556,8.18639],[98.31536,8.1865],[98.31517,8.18662],[98.31497,8.18674],[98.31477,8.18685],[98.31457,8.18697],[98.31437,8.18708],[98.31417,8.18719],[98.31397,8.1873],[98.31377,8.18741],[98.31357,8.18751],[98.31336,8.18761],[98.31316,8.1877],[98.31296,8.18779],[98.31275,8.18786],[98.31251,8.18783],[98.3123,8.18773],[98.31216,8.18757],[98.31205,8.18735],[98.31193,8.18716],[98.31179,8.18698],[98.31164,8.18681],[98.3115,8.18663],[98.31135,8.18645],[98.31118,8.1863],[98.31099,8.1862],[98.31075,8.18615],[98.3105,8.18613],[98.31028,8.18617],[98.31014,8.18628],[98.31008,8.18651],[98.31003,8.18676],[98.30997,8.18699],[98.3099,8.18721],[98.30976,8.18736],[98.30952,8.18736],[98.30928,8.18728],[98.30909,8.18728],[98.30896,8.18746],[98.30888,8.1877],[98.30884,8.18792],[98.30882,8.18815],[98.3088,8.18837],[98.30877,8.1886],[98.30871,8.18881],[98.30862,8.18902],[98.30852,8.18922],[98.30842,8.18942],[98.3083,8.18962],[98.30818,8.18981],[98.30805,8.19],[98.30793,8.19019],[98.3078,8.19037],[98.30766,8.19055],[98.30752,8.19073],[98.30737,8.19091],[98.30722,8.19108],[98.30708,8.19125],[98.30693,8.19143],[98.30678,8.1916],[98.30663,8.19177],[98.30647,8.19194],[98.30631,8.1921],[98.30614,8.19225],[98.30597,8.19239],[98.30577,8.19251],[98.30556,8.19262],[98.30534,8.19269],[98.30512,8.19272],[98.30492,8.19268],[98.30472,8.19254],[98.30453,8.1924],[98.30433,8.19229],[98.30414,8.19216],[98.30395,8.19203],[98.30379,8.19188],[98.30368,8.19168],[98.30358,8.19146],[98.30346,8.19128],[98.30326,8.1912],[98.30302,8.19119],[98.30279,8.19117],[98.30255,8.19115],[98.30239,8.19102],[98.3023,8.1908],[98.30217,8.19062],[98.30197,8.19051],[98.30175,8.19043],[98.30154,8.19035],[98.30131,8.19028],[98.30111,8.19018],[98.30098,8.19001],[98.30091,8.18977],[98.3008,8.18959],[98.30061,8.18949],[98.30039,8.18943],[98.30015,8.1894],[98.29992,8.18937],[98.29969,8.18937],[98.29947,8.18938],[98.29924,8.1894],[98.29901,8.18942],[98.29878,8.18944],[98.29853,8.18943],[98.29828,8.18943],[98.29808,8.18946],[98.29801,8.18959],[98.29812,8.18984],[98.29824,8.19005],[98.29838,8.19024],[98.29854,8.19039],[98.29875,8.19045],[98.29899,8.19046],[98.29921,8.1905],[98.29943,8.19055],[98.29965,8.19061],[98.29987,8.19066],[98.3001,8.19071],[98.30032,8.19076],[98.30054,8.19081],[98.30075,8.19088],[98.30097,8.19096],[98.30118,8.19104],[98.30139,8.19113],[98.30159,8.19123],[98.3018,8.19132],[98.30201,8.19142],[98.30221,8.19153],[98.3024,8.19164],[98.30258,8.19177],[98.30276,8.19192],[98.30293,8.19207],[98.30309,8.19223],[98.30325,8.19239],[98.3034,8.19256],[98.30355,8.19273],[98.30369,8.19291],[98.30383,8.1931],[98.30395,8.19329],[98.30406,8.19349],[98.30413,8.19371],[98.30418,8.19397],[98.30418,8.19421],[98.30412,8.19435],[98.30392,8.1943],[98.30368,8.19415],[98.30349,8.19403],[98.3033,8.1939],[98.30311,8.19377],[98.30293,8.19364],[98.30275,8.1935],[98.30257,8.19337],[98.30238,8.19323],[98.3022,8.19309],[98.30202,8.19296],[98.30184,8.19282],[98.30165,8.1927],[98.30145,8.19259],[98.30125,8.19248],[98.30103,8.19239],[98.30082,8.19233],[98.30059,8.19231],[98.3004,8.19243],[98.30044,8.19266],[98.30058,8.19284],[98.30076,8.19298],[98.30094,8.19312],[98.30114,8.19324],[98.30133,8.19337],[98.3015,8.19351],[98.30164,8.19369],[98.30177,8.19387],[98.30188,8.19407],[98.30199,8.19427],[98.30209,8.19448],[98.30219,8.19468],[98.30227,8.19489],[98.30234,8.19511],[98.30239,8.19533],[98.30243,8.19555],[98.30247,8.19577],[98.30249,8.196],[98.30251,8.19623],[98.30252,8.19645],[98.30252,8.19668],[98.3025,8.1969],[98.30247,8.19713],[98.30242,8.19735],[98.30239,8.19757],[98.3022,8.19787],[98.30208,8.19807],[98.30193,8.19823],[98.30174,8.19834],[98.30153,8.19842],[98.30132,8.19849],[98.30109,8.19854],[98.30087,8.1986],[98.30064,8.19865],[98.30042,8.19871],[98.3002,8.19877],[98.29999,8.19884],[98.29977,8.19891],[98.29955,8.19897],[98.29933,8.19904],[98.29912,8.19911],[98.2989,8.19917],[98.29868,8.19923],[98.29846,8.1993],[98.29825,8.19937],[98.29803,8.19945],[98.29781,8.19951],[98.29759,8.19956],[98.29737,8.19959],[98.29715,8.19958],[98.29692,8.19952],[98.2967,8.19944],[98.29648,8.19937],[98.29626,8.19934],[98.29604,8.19936],[98.29582,8.19939],[98.29559,8.19942],[98.29537,8.19947],[98.29515,8.19952],[98.29493,8.19957],[98.29471,8.19963],[98.29448,8.19969],[98.29426,8.19974],[98.29404,8.1998],[98.29382,8.19985],[98.2936,8.19989],[98.29337,8.19994],[98.29315,8.19998],[98.29293,8.20002],[98.2927,8.20006],[98.29248,8.2001],[98.29226,8.20014],[98.29203,8.20018],[98.29181,8.20021],[98.29158,8.20025],[98.29136,8.20029],[98.29113,8.20033],[98.2909,8.20037],[98.29068,8.20041],[98.29045,8.20043],[98.29023,8.20042],[98.29001,8.20038],[98.28981,8.2003],[98.2896,8.2002],[98.2894,8.20009],[98.28919,8.19998],[98.28898,8.1999],[98.28876,8.19984],[98.28854,8.19979],[98.28831,8.19974],[98.28808,8.1997],[98.28786,8.19968],[98.28763,8.19967],[98.28741,8.19969],[98.28719,8.19973],[98.28697,8.19978],[98.28675,8.19984],[98.28652,8.1999],[98.2863,8.19996],[98.28606,8.20006],[98.28584,8.20013],[98.28567,8.20007],[98.28555,8.1999],[98.28545,8.19968],[98.28534,8.19945],[98.28522,8.19926],[98.28509,8.19908],[98.28495,8.1989],[98.28482,8.19872],[98.28468,8.19853],[98.28455,8.19835],[98.28441,8.19817],[98.28428,8.19799],[98.28415,8.1978],[98.28401,8.19761],[98.28387,8.19743],[98.28375,8.19724],[98.28364,8.19704],[98.28355,8.19684],[98.28351,8.19661],[98.28352,8.19637],[98.28357,8.19615],[98.28368,8.19597],[98.28384,8.19581],[98.28402,8.19566],[98.28422,8.19553],[98.28441,8.1954],[98.28461,8.1953],[98.28482,8.1952],[98.28503,8.1951],[98.28521,8.19497],[98.28537,8.19482],[98.28551,8.19464],[98.28564,8.19445],[98.28576,8.19425],[98.28586,8.19405],[98.28596,8.19385],[98.28606,8.19364],[98.28615,8.19344],[98.28623,8.19323],[98.28632,8.19302],[98.2864,8.1928],[98.28647,8.19259],[98.28655,8.19238],[98.28662,8.19216],[98.2867,8.19195],[98.28677,8.19173],[98.28684,8.19152],[98.2869,8.1913],[98.28697,8.19109],[98.28704,8.19087],[98.2871,8.19065],[98.28717,8.19044],[98.28723,8.19022],[98.28729,8.19],[98.28735,8.18978],[98.28742,8.18957],[98.28748,8.18935],[98.28754,8.18913],[98.2876,8.18891],[98.28766,8.1887],[98.28772,8.18848],[98.28777,8.18826],[98.28783,8.18804],[98.28788,8.18782],[98.28794,8.1876],[98.28799,8.18738],[98.28805,8.18716],[98.2881,8.18694],[98.28815,8.18672],[98.2882,8.1865],[98.28824,8.18628],[98.28829,8.18606],[98.28834,8.18584],[98.28839,8.18561],[98.28843,8.18539],[98.28848,8.18517],[98.28852,8.18495],[98.28857,8.18473],[98.28861,8.18451],[98.28866,8.18428],[98.28871,8.18406],[98.28875,8.18384],[98.2888,8.18362],[98.28884,8.1834],[98.28889,8.18318],[98.28894,8.18296],[98.28898,8.18273],[98.28903,8.18251],[98.28907,8.18229],[98.28911,8.18207],[98.28916,8.18185],[98.2892,8.18162],[98.28924,8.1814],[98.28927,8.18118],[98.28931,8.18096],[98.28934,8.18073],[98.28938,8.18051],[98.28941,8.18028],[98.28945,8.18006],[98.28948,8.17984],[98.28952,8.17961],[98.28955,8.17939],[98.28959,8.17917],[98.28964,8.17895],[98.28968,8.17873],[98.28973,8.1785],[98.28978,8.17828],[98.28983,8.17806],[98.28989,8.17784],[98.28994,8.17762],[98.28999,8.1774],[98.29004,8.17718],[98.2901,8.17696],[98.29015,8.17675],[98.29021,8.17653],[98.29026,8.17631],[98.29032,8.17609],[98.29038,8.17587],[98.29044,8.17565],[98.29049,8.17543],[98.29055,8.17521],[98.29061,8.17499],[98.29067,8.17478],[98.29073,8.17456],[98.29079,8.17434],[98.29085,8.17412],[98.29091,8.1739],[98.29097,8.17368],[98.29103,8.17347],[98.29109,8.17325],[98.29115,8.17303],[98.29122,8.17281],[98.29128,8.1726],[98.29135,8.17238],[98.29142,8.17217],[98.29149,8.17195],[98.29156,8.17174],[98.29163,8.17152],[98.2917,8.17131],[98.29177,8.17109],[98.29184,8.17088],[98.29191,8.17066],[98.29198,8.17044],[98.29204,8.17023],[98.29211,8.17001],[98.29217,8.1698],[98.29224,8.16958],[98.2923,8.16936],[98.29235,8.16914],[98.29241,8.16892],[98.29246,8.1687],[98.29252,8.16848],[98.29257,8.16826],[98.29262,8.16804],[98.29267,8.16782],[98.29272,8.1676],[98.29277,8.16738],[98.29282,8.16716],[98.29287,8.16694],[98.29291,8.16672],[98.29296,8.1665],[98.29301,8.16628],[98.29306,8.16605],[98.29311,8.16583],[98.29315,8.16561],[98.2932,8.16539],[98.29325,8.16517],[98.2933,8.16495],[98.29336,8.16473],[98.29341,8.16451],[98.29346,8.16429],[98.29352,8.16407],[98.29357,8.16385],[98.29363,8.16363],[98.29369,8.16341],[98.29374,8.1632],[98.2938,8.16298],[98.29386,8.16276],[98.29392,8.16254],[98.29398,8.16232],[98.29404,8.1621],[98.2941,8.16189],[98.29416,8.16167],[98.29422,8.16145],[98.29428,8.16123],[98.29434,8.16101],[98.2944,8.1608],[98.29446,8.16058],[98.29452,8.16036],[98.29458,8.16014],[98.29464,8.15992],[98.29469,8.1597],[98.29475,8.15948],[98.29481,8.15927],[98.29486,8.15905],[98.29492,8.15883],[98.29498,8.15861],[98.29503,8.15839],[98.29509,8.15817],[98.29515,8.15795],[98.2952,8.15773],[98.29526,8.15751],[98.29531,8.15729],[98.29537,8.15707],[98.29542,8.15685],[98.29548,8.15663],[98.29553,8.15641],[98.29558,8.1562],[98.29564,8.15598],[98.29569,8.15575],[98.29574,8.15554],[98.29579,8.15531],[98.29584,8.15509],[98.29589,8.15487],[98.29594,8.15465],[98.29599,8.15443],[98.29604,8.15421],[98.29608,8.15399],[98.29613,8.15377],[98.29618,8.15355],[98.29623,8.15333],[98.29628,8.15311],[98.29633,8.15288],[98.29637,8.15266],[98.29642,8.15244],[98.29647,8.15222],[98.29651,8.152],[98.29656,8.15178],[98.2966,8.15156],[98.29665,8.15133],[98.29669,8.15111],[98.29673,8.15089],[98.29677,8.15067],[98.29681,8.15044],[98.29685,8.15022],[98.29689,8.15],[98.29693,8.14978],[98.29697,8.14955],[98.297,8.14933],[98.29704,8.14911],[98.29707,8.14888],[98.2971,8.14866],[98.29713,8.14844],[98.29716,8.14821],[98.29719,8.14799],[98.29722,8.14776],[98.29724,8.14754],[98.29727,8.14731],[98.29729,8.14709],[98.29732,8.14686],[98.29734,8.14664],[98.29736,8.14641],[98.29738,8.14619],[98.29741,8.14596],[98.29743,8.14574],[98.29745,8.14551],[98.29747,8.14529],[98.29749,8.14506],[98.29751,8.14484],[98.29754,8.14461],[98.29756,8.14439],[98.29758,8.14416],[98.2976,8.14394],[98.29763,8.14371],[98.29765,8.14349],[98.29768,8.14326],[98.2977,8.14304],[98.29773,8.14281],[98.29776,8.14259],[98.29778,8.14236],[98.29781,8.14214],[98.29784,8.14192],[98.29787,8.14169],[98.2979,8.14147],[98.29792,8.14124],[98.29795,8.14102],[98.29798,8.14079],[98.29801,8.14057],[98.29804,8.14034],[98.29807,8.14012],[98.2981,8.1399],[98.29813,8.13967],[98.29816,8.13945],[98.29819,8.13922],[98.29822,8.139],[98.29825,8.13878],[98.29828,8.13855],[98.29831,8.13833],[98.29834,8.1381],[98.29837,8.13788],[98.2984,8.13766],[98.29844,8.13743],[98.29847,8.13721],[98.2985,8.13698],[98.29853,8.13676],[98.29857,8.13654],[98.2986,8.13631],[98.29863,8.13609],[98.29867,8.13587],[98.29871,8.13564],[98.29875,8.13542],[98.2988,8.1352],[98.29884,8.13498],[98.29889,8.13476],[98.29893,8.13453],[98.29898,8.13431],[98.29903,8.13409],[98.29908,8.13387],[98.29913,8.13365],[98.29918,8.13343],[98.29924,8.13321],[98.2993,8.13299],[98.29935,8.13278],[98.29941,8.13256],[98.29947,8.13234],[98.29952,8.13212],[98.29957,8.1319],[98.29962,8.13168],[98.29966,8.13145],[98.29971,8.13123],[98.29975,8.13101],[98.2998,8.13079],[98.29984,8.13057],[98.29989,8.13035],[98.29993,8.13012],[98.29998,8.1299],[98.30003,8.12968],[98.30008,8.12946],[98.30013,8.12924],[98.30019,8.12902],[98.30024,8.1288],[98.30029,8.12858],[98.30035,8.12836],[98.3004,8.12814],[98.30045,8.12792],[98.3005,8.1277],[98.30055,8.12748],[98.3006,8.12726],[98.30064,8.12704],[98.30069,8.12682],[98.30073,8.1266],[98.30078,8.12637],[98.30082,8.12615],[98.30086,8.12593],[98.3009,8.12571],[98.30094,8.12548],[98.30098,8.12526],[98.30102,8.12504],[98.30106,8.12482],[98.3011,8.12459],[98.30113,8.12437],[98.30117,8.12415],[98.30121,8.12392],[98.30124,8.1237],[98.30128,8.12348],[98.30132,8.12325],[98.30135,8.12303],[98.30139,8.12281],[98.30143,8.12258],[98.30146,8.12236],[98.3015,8.12214],[98.30153,8.12191],[98.30157,8.12169],[98.3016,8.12147],[98.30164,8.12124],[98.30167,8.12102],[98.3017,8.1208],[98.30174,8.12057],[98.30177,8.12035],[98.3018,8.12012],[98.30183,8.1199],[98.30186,8.11968],[98.30189,8.11945],[98.30191,8.11923],[98.30194,8.119],[98.30197,8.11878],[98.30199,8.11855],[98.30201,8.11833],[98.30204,8.1181],[98.30206,8.11788],[98.30208,8.11765],[98.3021,8.11743],[98.30211,8.1172],[98.30213,8.11697],[98.30214,8.11675],[98.30215,8.11652],[98.30216,8.1163],[98.30217,8.11607],[98.30218,8.11585],[98.30219,8.11562],[98.30219,8.11539],[98.30219,8.11517],[98.30219,8.11494],[98.30219,8.11472],[98.30219,8.11449],[98.30219,8.11426],[98.30219,8.11404],[98.30218,8.11381],[98.30218,8.11358],[98.30218,8.11336],[98.30217,8.11313],[98.30217,8.11291],[98.30216,8.11268],[98.30215,8.11245],[98.30214,8.11223],[98.30213,8.112],[98.30213,8.11177],[98.30212,8.11155],[98.30211,8.11132],[98.30209,8.1111],[98.30208,8.11087],[98.30207,8.11065],[98.30206,8.11042],[98.30204,8.11019],[98.30202,8.10997],[98.30199,8.10975],[98.30196,8.10952],[98.30192,8.1093],[98.30188,8.10908],[98.30184,8.10885],[98.30181,8.10863],[98.30176,8.1083],[98.30174,8.10807],[98.30171,8.10785],[98.30169,8.10762],[98.30166,8.1074],[98.30163,8.10717],[98.30161,8.10695],[98.30157,8.10672],[98.30154,8.1065],[98.30149,8.10628],[98.30144,8.10606],[98.30139,8.10584],[98.30133,8.10562],[98.30127,8.1054],[98.3012,8.10518],[98.30113,8.10497],[98.30105,8.10475],[98.30097,8.10454],[98.30088,8.10433],[98.30078,8.10412],[98.30068,8.10392],[98.30057,8.10373],[98.30045,8.10354],[98.30032,8.10337],[98.30017,8.1032],[98.30001,8.10303],[98.29984,8.10288],[98.29968,8.10272],[98.29951,8.10256],[98.29934,8.10241],[98.29918,8.10224],[98.29902,8.10208],[98.29885,8.10193],[98.29868,8.10177],[98.2985,8.10162],[98.29833,8.10147],[98.29816,8.10131],[98.298,8.10115],[98.29785,8.10099],[98.29771,8.10082],[98.29758,8.10063],[98.29747,8.10044],[98.29737,8.10024],[98.29729,8.10003],[98.29721,8.09982],[98.29714,8.0996],[98.29708,8.09937],[98.29703,8.09915],[98.29698,8.09892],[98.29694,8.0987],[98.29691,8.09847],[98.29689,8.09826],[98.29692,8.09803],[98.297,8.09781],[98.29709,8.0976],[98.29719,8.09739],[98.29729,8.09719],[98.29739,8.09699],[98.2975,8.09679],[98.29762,8.0966],[98.29773,8.0964],[98.29785,8.09621],[98.29798,8.09602],[98.29812,8.09583],[98.29824,8.09563],[98.29831,8.09543],[98.29834,8.09521],[98.29836,8.09499],[98.29837,8.09476],[98.29837,8.09453],[98.29836,8.0943],[98.29835,8.09407],[98.29833,8.09384],[98.2983,8.09362],[98.29827,8.09339],[98.29823,8.09317],[98.2982,8.09295],[98.29816,8.09272],[98.29811,8.0925],[98.29807,8.09227],[98.29801,8.09205],[98.29796,8.09183],[98.2979,8.09161],[98.29783,8.0914],[98.29775,8.09119],[98.29767,8.09098],[98.29759,8.09077],[98.29749,8.09055],[98.2974,8.09034],[98.29729,8.09012],[98.29718,8.08991],[98.29706,8.08971],[98.29694,8.08952],[98.2968,8.08934],[98.29665,8.08917],[98.2965,8.08903],[98.29633,8.08891],[98.29613,8.08882],[98.29592,8.08874],[98.29568,8.0887],[98.29545,8.08867],[98.2952,8.08865],[98.29496,8.08865],[98.29473,8.08867],[98.29451,8.08869],[98.29429,8.08873],[98.29407,8.08878],[98.29385,8.08884],[98.29364,8.08891],[98.29342,8.08898],[98.2932,8.08906],[98.29299,8.08913],[98.29277,8.08921],[98.29255,8.08928],[98.29233,8.08934],[98.29211,8.0894],[98.29189,8.08944],[98.29166,8.08949],[98.29144,8.08953],[98.29121,8.08957],[98.29099,8.0896],[98.29076,8.08963],[98.29053,8.08965],[98.29031,8.08967],[98.29008,8.08968],[98.28986,8.08968],[98.28963,8.08967],[98.28941,8.08963],[98.28919,8.08957],[98.28898,8.08949],[98.28876,8.08941],[98.28855,8.08932],[98.28834,8.08924],[98.28813,8.08914],[98.28793,8.08905],[98.28772,8.08895],[98.28752,8.08885],[98.28732,8.08875],[98.28711,8.08864],[98.28691,8.08853],[98.28671,8.08843],[98.28651,8.08832],[98.28632,8.08821],[98.28612,8.08809],[98.28593,8.08798],[98.28573,8.08786],[98.28554,8.08774],[98.28535,8.08762],[98.28515,8.0875],[98.28496,8.08739],[98.28476,8.08727],[98.28457,8.08716],[98.28437,8.08705],[98.28417,8.08693],[98.28398,8.08681],[98.28379,8.08669],[98.2836,8.08657],[98.28341,8.08644],[98.28322,8.08631],[98.28304,8.08618],[98.28285,8.08605],[98.28267,8.08592],[98.28249,8.08578],[98.28231,8.08564],[98.28214,8.0855],[98.28197,8.08534],[98.28181,8.08519],[98.28165,8.08503],[98.28149,8.08486],[98.28134,8.0847],[98.28118,8.08453],[98.28102,8.08437],[98.28086,8.08421],[98.2807,8.08405],[98.28054,8.08389],[98.28038,8.08373],[98.28021,8.08357],[98.28005,8.08342],[98.27989,8.08326],[98.27972,8.08311],[98.27956,8.08295],[98.27939,8.0828],[98.27922,8.08265],[98.27905,8.0825],[98.27888,8.08234],[98.27871,8.08219],[98.27854,8.08204],[98.27837,8.08189],[98.27819,8.08175],[98.27801,8.08161],[98.27783,8.08148],[98.27764,8.08136],[98.27745,8.08124],[98.27725,8.08113],[98.27705,8.08103],[98.27685,8.08093],[98.27664,8.08083],[98.27643,8.08074],[98.27622,8.08065],[98.27601,8.08056],[98.2758,8.08047],[98.2756,8.08038],[98.27538,8.0803],[98.27517,8.08022],[98.27495,8.08015],[98.27473,8.08008],[98.27452,8.08],[98.2743,8.07993],[98.27409,8.07985],[98.27389,8.07976],[98.27369,8.07966],[98.27351,8.07952],[98.27336,8.07934],[98.27323,8.07915],[98.27311,8.07896],[98.273,8.07876],[98.2729,8.07856],[98.27279,8.07835],[98.27268,8.07816],[98.27254,8.07798],[98.27235,8.07785],[98.27215,8.07774],[98.27198,8.0776],[98.27193,8.07739],[98.27191,8.07715],[98.27191,8.07691],[98.27181,8.07673],[98.2716,8.07661],[98.27157,8.0764],[98.27163,8.07618],[98.27168,8.07596],[98.2717,8.07573],[98.27168,8.0755],[98.27155,8.07533],[98.27137,8.07518],[98.27123,8.075],[98.27114,8.07479],[98.27119,8.07458],[98.27132,8.07439],[98.27135,8.07418],[98.2713,8.07395],[98.27124,8.07373],[98.27116,8.07352],[98.27116,8.07329],[98.27118,8.07307],[98.27121,8.07284],[98.27122,8.07262],[98.27121,8.07239],[98.27117,8.07216],[98.27113,8.07194],[98.27106,8.07173],[98.27093,8.07153],[98.27091,8.07131],[98.27107,8.07116],[98.27124,8.07104],[98.27123,8.07081],[98.27124,8.07058],[98.27125,8.07035],[98.27129,8.07013],[98.27135,8.06991],[98.2714,8.06969],[98.27141,8.06947],[98.2714,8.06924],[98.27134,8.06902],[98.27127,8.0688],[98.27124,8.06858],[98.27127,8.06834],[98.27134,8.06813],[98.27154,8.0681],[98.27172,8.06824],[98.27193,8.06824],[98.27196,8.06801],[98.27197,8.06779],[98.27198,8.06756],[98.27202,8.06734],[98.27221,8.06723],[98.27244,8.06719],[98.27253,8.06699],[98.27257,8.06676],[98.27261,8.06654],[98.27267,8.06632],[98.27275,8.06611],[98.27286,8.06591],[98.273,8.06573],[98.27316,8.06557],[98.27332,8.06541],[98.2735,8.06527],[98.27367,8.06512],[98.27385,8.06498],[98.27403,8.06485],[98.27422,8.06472],[98.27441,8.06459],[98.2746,8.06447],[98.2748,8.06435],[98.27499,8.06424],[98.27519,8.06413],[98.2754,8.06403],[98.2756,8.06392],[98.27579,8.06381],[98.27599,8.06369],[98.27619,8.06357],[98.27637,8.06342],[98.2765,8.06325],[98.27657,8.06305],[98.27661,8.06282],[98.27663,8.06259],[98.27667,8.06236],[98.27672,8.06214],[98.27677,8.06192],[98.27682,8.0617],[98.27686,8.06148],[98.27691,8.06125],[98.27695,8.06103],[98.27699,8.06081],[98.27702,8.06059],[98.27705,8.06036],[98.27708,8.06014],[98.2771,8.05991],[98.27712,8.05969],[98.27713,8.05946],[98.27715,8.05923],[98.27716,8.05901],[98.27717,8.05878],[98.27717,8.05856],[98.27717,8.05833],[98.27717,8.0581],[98.27716,8.05788],[98.27715,8.05765],[98.27715,8.05743],[98.27714,8.0572],[98.27714,8.05697],[98.27714,8.05675],[98.27714,8.05652],[98.27715,8.0563],[98.27716,8.05607],[98.27718,8.05584],[98.2772,8.05561],[98.27722,8.05539],[98.27724,8.05516],[98.27725,8.05493],[98.27727,8.05471],[98.27728,8.05448],[98.27729,8.05426],[98.27729,8.05403],[98.27729,8.05381],[98.27725,8.05359],[98.27714,8.05339],[98.277,8.0532],[98.27685,8.05303],[98.27668,8.05288],[98.27651,8.05272],[98.27635,8.05256],[98.27623,8.05238],[98.27613,8.05217],[98.27604,8.05196],[98.27598,8.05174],[98.27594,8.05152],[98.27594,8.05129],[98.27596,8.05106],[98.27602,8.05083],[98.27611,8.05064],[98.27629,8.05048],[98.2765,8.0504],[98.27676,8.0504],[98.27697,8.05038],[98.27696,8.05019],[98.2769,8.04995],[98.27682,8.04956],[98.27697,8.04941],[98.27715,8.04925],[98.27729,8.04907],[98.27733,8.04886],[98.27731,8.04863],[98.27727,8.0484],[98.27724,8.04817],[98.27722,8.04794],[98.27719,8.04771],[98.27717,8.04748],[98.27714,8.04725],[98.27711,8.04702],[98.27708,8.04679],[98.27705,8.04656],[98.277,8.04634],[98.27696,8.04613],[98.2769,8.04592],[98.27683,8.04573],[98.27664,8.04563],[98.27638,8.04559],[98.2762,8.04547],[98.2761,8.04526],[98.27609,8.04504],[98.2762,8.04483],[98.27637,8.04468],[98.27651,8.04452],[98.27655,8.0443],[98.27656,8.04407],[98.27655,8.04384],[98.27653,8.04361],[98.2765,8.04338],[98.27643,8.04317],[98.27634,8.04297],[98.27622,8.04277],[98.27607,8.04259],[98.27591,8.04243],[98.27574,8.04229],[98.27555,8.04215],[98.27535,8.04204],[98.27514,8.04194],[98.27494,8.04186],[98.27472,8.04189],[98.27449,8.04193],[98.27427,8.04188],[98.27406,8.04179],[98.2739,8.04163],[98.27375,8.04145],[98.27361,8.04127],[98.27345,8.0411],[98.27328,8.04098],[98.27307,8.0409],[98.27284,8.04084],[98.27262,8.04078],[98.27238,8.04072],[98.27218,8.04063],[98.27212,8.04044],[98.27217,8.0402],[98.27224,8.03998],[98.27232,8.03977],[98.27237,8.03955],[98.27238,8.03933],[98.27237,8.0391],[98.27237,8.03887],[98.27237,8.03864],[98.2724,8.03841],[98.27251,8.03823],[98.27268,8.03809],[98.2729,8.03797],[98.27311,8.0379],[98.27334,8.03791],[98.27357,8.03794],[98.27377,8.03785],[98.27394,8.0377],[98.27409,8.03752],[98.27423,8.03734],[98.27436,8.03716],[98.27449,8.03697],[98.27461,8.03678],[98.27474,8.03659],[98.27487,8.03641],[98.27499,8.03622],[98.27511,8.03602],[98.2752,8.03582],[98.27529,8.03561],[98.27537,8.0354],[98.27547,8.03519],[98.27556,8.03497],[98.27565,8.03475],[98.27575,8.03453],[98.27588,8.03436],[98.27604,8.03425],[98.27626,8.03425],[98.27651,8.03429],[98.27674,8.03432],[98.27697,8.03435],[98.2772,8.03437],[98.27741,8.03432],[98.27761,8.03421],[98.2778,8.03408],[98.27802,8.034],[98.27824,8.03394],[98.27846,8.03392],[98.27867,8.034],[98.2789,8.03406],[98.27912,8.03408],[98.27934,8.03403],[98.27956,8.03396],[98.27979,8.03398],[98.27999,8.03406],[98.2801,8.03427],[98.28027,8.0344],[98.2805,8.03448],[98.28061,8.03464],[98.28065,8.03487],[98.28068,8.03511],[98.28076,8.03533],[98.28088,8.03553],[98.28107,8.03559],[98.2813,8.03558],[98.28154,8.03556],[98.28177,8.03552],[98.28199,8.03553],[98.28215,8.03568],[98.28231,8.03584],[98.28252,8.03594],[98.28274,8.03599],[98.28297,8.03602],[98.28319,8.03604],[98.28342,8.03607],[98.28365,8.0361],[98.28388,8.03614],[98.2841,8.03615],[98.28432,8.03611],[98.28452,8.03601],[98.28471,8.03586],[98.28487,8.0357],[98.28496,8.03549],[98.28505,8.03528],[98.28518,8.0351],[98.2853,8.03491],[98.28537,8.03469],[98.28535,8.03447],[98.2853,8.03424],[98.28519,8.03405],[98.28506,8.03386],[98.28493,8.03367],[98.2848,8.03349],[98.28467,8.0333],[98.28454,8.03311],[98.28444,8.03291],[98.28442,8.03269],[98.28444,8.03246],[98.28423,8.03237],[98.28402,8.03227],[98.28381,8.03218],[98.28361,8.03208],[98.2834,8.03201],[98.28317,8.032],[98.28296,8.03208],[98.28277,8.03221],[98.28258,8.03233],[98.28236,8.03229],[98.28218,8.03215],[98.28201,8.03201],[98.28179,8.03204],[98.28156,8.0321],[98.28134,8.03215],[98.28111,8.03217],[98.28089,8.03213],[98.2807,8.03201],[98.28051,8.03188],[98.28034,8.03173],[98.28019,8.03156],[98.28005,8.03138],[98.27993,8.03119],[98.27984,8.03098],[98.27979,8.03076],[98.27978,8.03053],[98.27982,8.03031],[98.27992,8.0301],[98.28008,8.02995],[98.28029,8.02988],[98.28052,8.02985],[98.28075,8.02981],[98.28097,8.02978],[98.2812,8.02976],[98.28143,8.02976],[98.28165,8.02978],[98.28188,8.0298],[98.28211,8.0298],[98.28233,8.02983],[98.28254,8.02991],[98.28275,8.03001],[98.283,8.03013],[98.28316,8.03029],[98.28331,8.03046],[98.28342,8.03065],[98.2835,8.03087],[98.28353,8.03109],[98.28359,8.03131],[98.28367,8.03152],[98.2838,8.03171],[98.28398,8.03185],[98.28416,8.03198],[98.28434,8.03212],[98.28455,8.03222],[98.28468,8.03201],[98.28487,8.03189],[98.28507,8.03178],[98.28528,8.0317],[98.2855,8.03166],[98.28573,8.03162],[98.28596,8.03159],[98.28618,8.03156],[98.2864,8.03152],[98.28663,8.03148],[98.28686,8.03144],[98.28708,8.03139],[98.28729,8.03131],[98.28749,8.03121],[98.28769,8.03108],[98.28785,8.03093],[98.28798,8.03075],[98.28809,8.03055],[98.2882,8.03035],[98.28831,8.03015],[98.28843,8.02996],[98.28855,8.02977],[98.28867,8.02957],[98.28879,8.02938],[98.28891,8.02919],[98.28903,8.029],[98.28914,8.0288],[98.28926,8.02861],[98.28936,8.02841],[98.28946,8.0282],[98.28955,8.02799],[98.28964,8.02778],[98.28972,8.02757],[98.2898,8.02736],[98.28989,8.02715],[98.28997,8.02694],[98.29006,8.02674],[98.29015,8.02653],[98.29023,8.02632],[98.29032,8.02611],[98.2904,8.0259],[98.29048,8.02568],[98.29055,8.02547],[98.29062,8.02526],[98.29068,8.02504],[98.29074,8.02482],[98.2908,8.0246],[98.29085,8.02438],[98.29091,8.02416],[98.29096,8.02394],[98.291,8.02372],[98.29105,8.0235],[98.29109,8.02327],[98.29113,8.02305],[98.29117,8.02283],[98.2912,8.0226],[98.29123,8.02238],[98.29126,8.02216],[98.29128,8.02193],[98.2913,8.02171],[98.29133,8.02148],[98.29135,8.02126],[98.29137,8.02103],[98.2914,8.02081],[98.29142,8.02058],[98.29144,8.02036],[98.29146,8.02013],[98.29148,8.01991],[98.2915,8.01968],[98.29152,8.01946],[98.29154,8.01923],[98.29156,8.019],[98.29158,8.01878],[98.2916,8.01855],[98.29162,8.01833],[98.29163,8.0181],[98.29165,8.01788],[98.29166,8.01765],[98.29168,8.01743],[98.2917,8.0172],[98.29171,8.01697],[98.29174,8.01675],[98.29177,8.01653],[98.2918,8.0163],[98.29185,8.01608],[98.29189,8.01586],[98.29195,8.01564],[98.292,8.01542],[98.29205,8.0152],[98.29209,8.01498],[98.29214,8.01476],[98.29219,8.01453],[98.29224,8.01431],[98.29229,8.01409],[98.29233,8.01387],[98.29238,8.01365],[98.29242,8.01343],[98.29245,8.0132],[98.29248,8.01298],[98.29251,8.01275],[98.29253,8.01253],[98.29256,8.01231],[98.29258,8.01208],[98.29259,8.01185],[98.29261,8.01163],[98.29263,8.0114],[98.29264,8.01118],[98.29265,8.01095],[98.29267,8.01073],[98.29268,8.0105],[98.29269,8.01027],[98.2927,8.01005],[98.29271,8.00982],[98.29272,8.0096],[98.29273,8.00937],[98.29274,8.00914],[98.29275,8.00892],[98.29276,8.00869],[98.29277,8.00847],[98.29278,8.00824],[98.29279,8.00801],[98.29279,8.00779],[98.2928,8.00756],[98.29281,8.00734],[98.29282,8.00711],[98.29282,8.00688],[98.29283,8.00666],[98.29284,8.00643],[98.29284,8.00621],[98.29285,8.00598],[98.29286,8.00575],[98.29286,8.00553],[98.29287,8.0053],[98.29288,8.00508],[98.29289,8.00485],[98.29289,8.00462],[98.2929,8.0044],[98.29291,8.00417],[98.29292,8.00395],[98.29287,8.00372],[98.29283,8.0035],[98.2928,8.00328],[98.29276,8.00306],[98.29272,8.00283],[98.29268,8.00261],[98.29264,8.00239],[98.2926,8.00216],[98.29256,8.00194],[98.29252,8.00172],[98.29247,8.0015],[98.29243,8.00128],[98.29238,8.00105],[98.29233,8.00083],[98.29227,8.00062],[98.2922,8.0004],[98.29213,8.00019],[98.29207,7.99997],[98.29203,7.99974],[98.292,7.99952],[98.29197,7.9993],[98.29194,7.99907],[98.29193,7.99885],[98.29191,7.99862],[98.2919,7.99839],[98.29191,7.99817],[98.29192,7.99794],[98.29193,7.99771],[98.29194,7.99749],[98.29195,7.99726],[98.29195,7.99703],[98.29193,7.99681],[98.29191,7.99659],[98.29188,7.99636],[98.29185,7.99614],[98.29181,7.99592],[98.29176,7.99569],[98.29172,7.99547],[98.29167,7.99525],[98.29161,7.99503],[98.29156,7.99481],[98.29151,7.99459],[98.29146,7.99437],[98.2914,7.99415],[98.29135,7.99393],[98.29129,7.99371],[98.29124,7.99349],[98.29118,7.99327],[98.29112,7.99306],[98.29106,7.99284],[98.29099,7.99262],[98.29093,7.9924],[98.29086,7.99219],[98.29079,7.99197],[98.29072,7.99176],[98.29065,7.99154],[98.29058,7.99133],[98.29051,7.99111],[98.29043,7.9909],[98.29036,7.99068],[98.29028,7.99047],[98.29019,7.99026],[98.29011,7.99005],[98.29002,7.98985],[98.28992,7.98964],[98.28982,7.98944],[98.28971,7.98924],[98.28959,7.98905],[98.28947,7.98886],[98.28935,7.98867],[98.28922,7.98848],[98.28909,7.98829],[98.28896,7.9881],[98.28884,7.98792],[98.28871,7.98773],[98.28859,7.98754],[98.28847,7.98734],[98.28835,7.98714],[98.28823,7.98695],[98.28811,7.98676],[98.28798,7.98657],[98.28785,7.98639],[98.2877,7.98622],[98.28754,7.98607],[98.28737,7.98592],[98.2872,7.98577],[98.28702,7.98563],[98.28684,7.9855],[98.28665,7.98537],[98.28645,7.98524],[98.28626,7.98512],[98.28607,7.985],[98.28587,7.98489],[98.28568,7.98478],[98.28547,7.98468],[98.28525,7.9846],[98.28503,7.98454],[98.28481,7.98449],[98.28459,7.98446],[98.28436,7.98445],[98.28413,7.98446],[98.28391,7.98447],[98.28368,7.98448],[98.28345,7.98452],[98.28322,7.98453],[98.28301,7.98448],[98.28281,7.98436],[98.2826,7.98428],[98.28237,7.98422],[98.28215,7.9842],[98.28196,7.98429],[98.28177,7.98442],[98.28155,7.9845],[98.28133,7.98451],[98.28109,7.98445],[98.28087,7.98442],[98.28069,7.98451],[98.28055,7.98471],[98.28046,7.98492],[98.28043,7.98514],[98.2804,7.98537],[98.28039,7.98561],[98.28034,7.98583],[98.28019,7.98597],[98.27995,7.98603],[98.27973,7.98602],[98.27951,7.98601],[98.27928,7.98598],[98.27905,7.98595],[98.27883,7.98592],[98.2786,7.98589],[98.27837,7.98586],[98.27815,7.98583],[98.27792,7.98581],[98.27769,7.98583],[98.27746,7.98588],[98.27728,7.98599],[98.2772,7.9862],[98.27715,7.98644],[98.2771,7.98666],[98.27706,7.98688],[98.277,7.9871],[98.2769,7.98731],[98.27671,7.98739],[98.27647,7.98742],[98.27624,7.98738],[98.27603,7.98732],[98.27582,7.98723],[98.27561,7.98713],[98.27541,7.98702],[98.27521,7.98688],[98.27502,7.98677],[98.27481,7.98677],[98.27461,7.98691],[98.27455,7.98711],[98.27435,7.98721],[98.27413,7.98729],[98.27391,7.98736],[98.27369,7.98743],[98.27348,7.98751],[98.27329,7.98762],[98.27313,7.98779],[98.27306,7.988],[98.27309,7.98823],[98.2731,7.98847],[98.27308,7.9887],[98.27295,7.98884],[98.27272,7.98891],[98.27248,7.98894],[98.27225,7.98889],[98.27204,7.98892],[98.27183,7.98901],[98.27162,7.98911],[98.27141,7.9892],[98.27119,7.98928],[98.27097,7.9893],[98.27075,7.98923],[98.27063,7.98905],[98.27056,7.98882],[98.27044,7.98863],[98.27029,7.98845],[98.27012,7.98833],[98.26991,7.98829],[98.26989,7.98806],[98.26993,7.98783],[98.26995,7.98761],[98.26991,7.98739],[98.26988,7.98716],[98.26988,7.98692],[98.26991,7.98668],[98.27003,7.98652],[98.27023,7.98647],[98.27047,7.98646],[98.27072,7.98644],[98.27094,7.98639],[98.27115,7.98631],[98.27132,7.98616],[98.27146,7.98597],[98.27162,7.98582],[98.27183,7.98575],[98.27207,7.98573],[98.27229,7.98568],[98.27247,7.98554],[98.27255,7.98531],[98.27254,7.9851],[98.27235,7.98497],[98.2722,7.9848],[98.27215,7.98458],[98.27227,7.98439],[98.27247,7.98428],[98.27269,7.98421],[98.27292,7.98417],[98.27314,7.98417],[98.27337,7.9842],[98.27359,7.98425],[98.27382,7.9843],[98.27403,7.98436],[98.27425,7.98443],[98.27447,7.98449],[98.2747,7.98451],[98.27495,7.98452],[98.27518,7.98451],[98.27538,7.98444],[98.27549,7.98428],[98.27555,7.98403],[98.27566,7.98383],[98.27585,7.98371],[98.27605,7.98359],[98.2762,7.98343],[98.2763,7.98323],[98.27639,7.98302],[98.27647,7.98281],[98.27655,7.98259],[98.27664,7.98238],[98.27673,7.98217],[98.27681,7.98196],[98.27687,7.98174],[98.27693,7.98151],[98.27695,7.98129],[98.27689,7.98108],[98.27676,7.98089],[98.2766,7.98073],[98.2764,7.9806],[98.27623,7.98046],[98.27612,7.98024],[98.27621,7.98007],[98.27641,7.97994],[98.27662,7.97983],[98.27684,7.97975],[98.27708,7.97969],[98.2773,7.97963],[98.27749,7.97953],[98.27763,7.97937],[98.27772,7.97917],[98.27779,7.97895],[98.27785,7.97871],[98.2779,7.97849],[98.27795,7.97827],[98.27799,7.97805],[98.27803,7.97782],[98.27807,7.9776],[98.27811,7.97738],[98.27815,7.97715],[98.27819,7.97693],[98.27822,7.97671],[98.27825,7.97648],[98.27829,7.97626],[98.27832,7.97604],[98.27835,7.97581],[98.27838,7.97559],[98.2784,7.97536],[98.27842,7.97514],[98.27844,7.97491],[98.27846,7.97469],[98.27848,7.97446],[98.27849,7.97423],[98.2785,7.974],[98.2785,7.97378],[98.2785,7.97355],[98.27847,7.97333],[98.27843,7.97311],[98.27836,7.97289],[98.27828,7.97267],[98.27817,7.97247],[98.27804,7.97229],[98.27788,7.97213],[98.2777,7.972],[98.2775,7.97188],[98.27731,7.97175],[98.27713,7.97161],[98.27695,7.97147],[98.27678,7.97132],[98.27662,7.97117],[98.27647,7.97099],[98.27633,7.9708],[98.27624,7.9706],[98.27624,7.97038],[98.27631,7.97009],[98.27652,7.97016],[98.27674,7.97022],[98.27696,7.97028],[98.27718,7.97034],[98.2774,7.9704],[98.27762,7.97046],[98.27783,7.97052],[98.27805,7.97058],[98.27827,7.97064],[98.27849,7.97069],[98.27871,7.97075],[98.27893,7.97081],[98.27915,7.97087],[98.27937,7.97093],[98.27959,7.97098],[98.27981,7.97104],[98.28003,7.9711],[98.28025,7.97115],[98.28047,7.97121],[98.28069,7.97127],[98.28091,7.97133],[98.28113,7.97138],[98.28135,7.97144],[98.28157,7.9715],[98.28179,7.97156],[98.28201,7.97161],[98.28223,7.97167],[98.28245,7.97172],[98.28267,7.97177],[98.28289,7.97182],[98.28311,7.97186],[98.28333,7.9719],[98.28356,7.97194],[98.28378,7.97197],[98.28401,7.97201],[98.28424,7.97205],[98.28447,7.97208],[98.2847,7.97211],[98.28493,7.97214],[98.28516,7.97216],[98.28539,7.97218],[98.28561,7.97219],[98.28584,7.97219],[98.28606,7.97219],[98.28628,7.97217],[98.2865,7.97214],[98.28671,7.9721],[98.28693,7.97203],[98.28714,7.97193],[98.28734,7.97181],[98.28754,7.97168],[98.28772,7.97154],[98.2879,7.97138],[98.28806,7.97123],[98.28821,7.97106],[98.28835,7.97089],[98.28848,7.97071],[98.28861,7.97052],[98.28873,7.97033],[98.28885,7.97013],[98.28897,7.96993],[98.2891,7.96974],[98.28922,7.96955],[98.28935,7.96937],[98.28949,7.96919],[98.28964,7.96902],[98.2898,7.96886],[98.28997,7.9687],[98.29014,7.96855],[98.29031,7.9684],[98.2905,7.96826],[98.29068,7.96812],[98.29087,7.968],[98.29107,7.96789],[98.29127,7.96778],[98.29147,7.9677],[98.29168,7.96763],[98.2919,7.96756],[98.29212,7.96751],[98.29234,7.96747],[98.29257,7.96743],[98.2928,7.96739],[98.29302,7.96735],[98.29325,7.96731],[98.29348,7.96727],[98.2937,7.96722],[98.29392,7.96717],[98.29414,7.96712],[98.29436,7.96707],[98.29458,7.96702],[98.2948,7.96698],[98.29503,7.96693],[98.29525,7.96688],[98.29547,7.96683],[98.29569,7.96678],[98.29591,7.96674],[98.29614,7.96669],[98.29636,7.96665],[98.29658,7.96661],[98.2968,7.96657],[98.29703,7.96653],[98.29725,7.96649],[98.29747,7.96645],[98.2977,7.96641],[98.29792,7.96637],[98.29815,7.96633],[98.29837,7.9663],[98.29859,7.96626],[98.29882,7.96623],[98.29904,7.9662],[98.29927,7.96617],[98.29949,7.96614],[98.29972,7.96611],[98.29994,7.96609],[98.30017,7.96607],[98.3004,7.96605],[98.30062,7.96603],[98.30085,7.96602],[98.30108,7.96602],[98.3013,7.96602],[98.30153,7.96603],[98.30175,7.96605],[98.30198,7.96608],[98.3022,7.96611],[98.30243,7.96615],[98.30265,7.96619],[98.30288,7.96622],[98.3031,7.96625],[98.30333,7.96626],[98.30356,7.96626],[98.3038,7.96627],[98.30404,7.96628],[98.30428,7.96628],[98.30451,7.96626],[98.30474,7.96623],[98.30495,7.96618],[98.30514,7.9661],[98.30532,7.96598],[98.30547,7.96584],[98.30561,7.96566],[98.30575,7.96547],[98.30587,7.96527],[98.30599,7.96506],[98.30612,7.96486],[98.30624,7.96467],[98.30638,7.96448],[98.30651,7.96429],[98.30663,7.9641],[98.30676,7.96391],[98.30688,7.96372],[98.30701,7.96353],[98.30715,7.96335],[98.3073,7.96318],[98.30745,7.96303],[98.30763,7.96289],[98.30782,7.96276],[98.30802,7.96264],[98.30823,7.96254],[98.30844,7.96246],[98.30866,7.96238],[98.30887,7.96233],[98.3091,7.96233],[98.30933,7.96236],[98.30956,7.96237],[98.30978,7.96234],[98.31,7.96227],[98.31021,7.96219],[98.31042,7.96209],[98.31062,7.96198],[98.31081,7.96185],[98.31098,7.96171],[98.31114,7.96155],[98.31129,7.96138],[98.31145,7.96121],[98.31165,7.961],[98.31179,7.96083],[98.31188,7.96062],[98.31197,7.96041],[98.31205,7.9602],[98.31214,7.95999],[98.31223,7.95978],[98.31231,7.95958],[98.3124,7.95936],[98.31248,7.95915],[98.31256,7.95894],[98.31264,7.95873],[98.31272,7.95852],[98.3128,7.95831],[98.31288,7.9581],[98.31295,7.95788],[98.31302,7.95767],[98.31309,7.95745],[98.31316,7.95724],[98.31323,7.95702],[98.3133,7.9568],[98.31337,7.95659],[98.31344,7.95638],[98.31352,7.95616],[98.3136,7.95595],[98.31369,7.95574],[98.31378,7.95554],[98.31388,7.95533],[98.31398,7.95513],[98.31408,7.95492],[98.31417,7.95472],[98.31425,7.95451],[98.31432,7.95429],[98.31437,7.95407],[98.31441,7.95384],[98.31444,7.95362],[98.31445,7.95339],[98.31444,7.95317],[98.31441,7.95295],[98.31435,7.95273],[98.31429,7.95251],[98.31422,7.95229],[98.31415,7.95208],[98.31408,7.95186],[98.31403,7.95164],[98.31397,7.95142],[98.31391,7.9512],[98.31385,7.95098],[98.3138,7.95075],[98.31376,7.95053],[98.31373,7.95031],[98.31372,7.95009],[98.31372,7.94986],[98.31372,7.94963],[98.31372,7.9494],[98.31374,7.94917],[98.31376,7.94894],[98.31378,7.94871],[98.31382,7.94849],[98.31387,7.94827],[98.31393,7.94806],[98.31401,7.94785],[98.3141,7.94765],[98.31422,7.94746],[98.31434,7.94726],[98.31448,7.94708],[98.31462,7.94689],[98.31476,7.94671],[98.31489,7.94653],[98.31503,7.94635],[98.31518,7.94618],[98.31534,7.94601],[98.31549,7.94585],[98.31565,7.94568],[98.3158,7.94551],[98.31593,7.94533],[98.31605,7.94514],[98.31614,7.94493],[98.31623,7.94472],[98.31632,7.94451],[98.31644,7.94432],[98.31658,7.94413],[98.31675,7.94397],[98.31695,7.94388],[98.31716,7.94383],[98.31739,7.94381],[98.31762,7.94379],[98.31786,7.9438],[98.31809,7.94381],[98.31831,7.94383],[98.31852,7.9439],[98.31879,7.94411],[98.31898,7.94423],[98.31918,7.94435],[98.31937,7.94446],[98.31957,7.94458],[98.31976,7.9447],[98.31995,7.94482],[98.32014,7.94495],[98.32032,7.94508],[98.32051,7.94521],[98.32069,7.94534],[98.32088,7.94547],[98.32106,7.9456],[98.32125,7.94573],[98.32143,7.94587],[98.32161,7.946],[98.3218,7.94613],[98.32198,7.94627],[98.32216,7.9464],[98.32234,7.94654],[98.32253,7.94667],[98.32271,7.9468],[98.32289,7.94694],[98.32308,7.94707],[98.32326,7.9472],[98.32344,7.94734],[98.32362,7.94748],[98.3238,7.94761],[98.32398,7.94775],[98.32416,7.9479],[98.32433,7.94804],[98.3245,7.94819],[98.32467,7.94835],[98.32483,7.9485],[98.325,7.94865],[98.32517,7.9488],[98.32534,7.94896],[98.32551,7.94912],[98.3257,7.94924],[98.32591,7.94928],[98.32614,7.9493],[98.32637,7.94928],[98.32661,7.94925],[98.32683,7.9492],[98.32703,7.94911],[98.32723,7.949],[98.32743,7.94889],[98.32764,7.9488],[98.32786,7.94872],[98.32808,7.94865],[98.3283,7.94859],[98.32852,7.94857],[98.32874,7.9486],[98.32895,7.9487],[98.32915,7.94882],[98.32931,7.94897],[98.32947,7.94914],[98.3296,7.94934],[98.32972,7.94955],[98.32988,7.94968],[98.33009,7.94973],[98.33032,7.94976],[98.33055,7.94978],[98.33079,7.94977],[98.33102,7.94975],[98.33124,7.94971],[98.33146,7.94966],[98.33168,7.94959],[98.33189,7.94952],[98.3321,7.94943],[98.33231,7.94934],[98.33252,7.94925],[98.33273,7.94914],[98.33293,7.94904],[98.33313,7.94893],[98.33332,7.94881],[98.3335,7.94867],[98.33367,7.94852],[98.33384,7.94836],[98.33401,7.9482],[98.33419,7.94805],[98.33437,7.94793],[98.33457,7.94784],[98.33478,7.94776],[98.33499,7.9477],[98.33521,7.94765],[98.33544,7.94761],[98.33566,7.94757],[98.33589,7.94754],[98.33612,7.94751],[98.33635,7.94749],[98.33658,7.94746],[98.3368,7.94743],[98.33703,7.9474],[98.33725,7.94737],[98.33748,7.94735],[98.33771,7.94733],[98.33793,7.94732],[98.33816,7.9473],[98.33839,7.94728],[98.33861,7.94726],[98.33884,7.94723],[98.33906,7.94719],[98.33928,7.94716],[98.33951,7.94711],[98.33973,7.94706],[98.33995,7.947],[98.34017,7.94693],[98.34038,7.94685],[98.34058,7.94675],[98.34077,7.94664],[98.34097,7.94652],[98.34115,7.94639],[98.34134,7.94626],[98.34152,7.94613],[98.34171,7.94599],[98.34189,7.94585],[98.34207,7.94572],[98.34226,7.94558],[98.34244,7.94545],[98.34263,7.94532],[98.34281,7.94519],[98.34299,7.94506],[98.34318,7.94492],[98.34336,7.94479],[98.34354,7.94466],[98.34373,7.94453],[98.34391,7.94439],[98.3441,7.94426],[98.34428,7.94413],[98.34447,7.944],[98.34465,7.94387],[98.34483,7.94373],[98.34502,7.9436],[98.3452,7.94347],[98.34539,7.94334],[98.34558,7.94321],[98.34577,7.94309],[98.34596,7.94297],[98.34616,7.94286],[98.34636,7.94275],[98.34657,7.94265],[98.34679,7.94255],[98.34701,7.94246],[98.34723,7.94239],[98.34744,7.94235],[98.34765,7.94233],[98.34786,7.94237],[98.34806,7.94248],[98.34825,7.94264],[98.34842,7.9428],[98.34858,7.94297],[98.34872,7.94316],[98.34885,7.94337],[98.34898,7.94356],[98.34913,7.94371],[98.34932,7.9438],[98.34953,7.94387],[98.34975,7.94391],[98.34998,7.94393],[98.35022,7.94394],[98.35045,7.94394],[98.35069,7.94394],[98.35091,7.94393],[98.35113,7.9439],[98.35135,7.94383],[98.35163,7.94374],[98.35175,7.94393],[98.35186,7.94413],[98.35198,7.94432],[98.3521,7.94452],[98.35221,7.94471],[98.35233,7.94491],[98.35243,7.94511],[98.35252,7.94531],[98.35261,7.94552],[98.3527,7.94573],[98.35279,7.94594],[98.35287,7.94615],[98.35295,7.94636],[98.35302,7.94658],[98.35309,7.94679],[98.35316,7.94701],[98.35322,7.94723],[98.35328,7.94745],[98.35334,7.94766],[98.35339,7.94788],[98.35344,7.9481],[98.35349,7.94832],[98.35353,7.94855],[98.35358,7.94877],[98.35362,7.94899],[98.35366,7.94921],[98.3537,7.94944],[98.35374,7.94966],[98.35378,7.94988],[98.35382,7.9501],[98.35386,7.95033],[98.3539,7.95055],[98.35395,7.95077],[98.35399,7.95099],[98.35403,7.95122],[98.35408,7.95144],[98.35412,7.95166],[98.35416,7.95188],[98.35421,7.9521],[98.35425,7.95233],[98.35429,7.95255],[98.35433,7.95277],[98.35437,7.953],[98.35441,7.95322],[98.35444,7.95344],[98.35447,7.95367],[98.3545,7.95389],[98.35453,7.95411],[98.35455,7.95434],[98.35457,7.95456],[98.35458,7.95479],[98.35459,7.95501],[98.3546,7.95524],[98.35461,7.95547],[98.35461,7.95569],[98.35462,7.95592],[98.35462,7.95615],[98.35463,7.95637],[98.35463,7.9566],[98.35464,7.95682],[98.35466,7.95705],[98.35467,7.95728],[98.35469,7.9575],[98.3547,7.95773],[98.35472,7.95796],[98.35473,7.95819],[98.35475,7.95842],[98.35478,7.95864],[98.35482,7.95887],[98.35487,7.95909],[98.35493,7.9593],[98.355,7.95951],[98.3551,7.95971],[98.3552,7.95991],[98.35532,7.9601],[98.35544,7.96029],[98.35557,7.96048],[98.3557,7.96067],[98.35584,7.96086],[98.35597,7.96104],[98.3561,7.96123],[98.35623,7.96142],[98.35635,7.96161],[98.35648,7.96179],[98.35662,7.96198],[98.35675,7.96216],[98.35689,7.96234],[98.35703,7.96252],[98.35717,7.96269],[98.35731,7.96287],[98.35746,7.96304],[98.35762,7.96321],[98.35779,7.96336],[98.35796,7.96351],[98.35815,7.96364],[98.35835,7.96376],[98.35857,7.96385],[98.35878,7.96387],[98.35899,7.96382],[98.35919,7.96372],[98.3594,7.9636],[98.3596,7.96348],[98.3598,7.96336],[98.35999,7.96322],[98.3602,7.96315],[98.36042,7.96313],[98.36065,7.96312],[98.36088,7.96312],[98.36112,7.96313],[98.36135,7.96316],[98.36157,7.96321],[98.36177,7.96328],[98.36196,7.96338],[98.36215,7.96352],[98.36232,7.96367],[98.36249,7.96384],[98.36265,7.964],[98.36281,7.96416],[98.36296,7.96434],[98.3631,7.96453],[98.36324,7.96471],[98.36341,7.96485],[98.3636,7.96495],[98.36382,7.96502],[98.36404,7.96506],[98.36427,7.96511],[98.3645,7.96515],[98.36471,7.96521],[98.36492,7.9653],[98.36513,7.9654],[98.36533,7.9655],[98.36553,7.96562],[98.36572,7.96575],[98.36589,7.9659],[98.36605,7.96606],[98.3662,7.96623],[98.36634,7.96641],[98.36648,7.96659],[98.36663,7.96676],[98.36679,7.96693],[98.36695,7.96707],[98.36714,7.9672],[98.36733,7.96732],[98.36753,7.96743],[98.36774,7.96753],[98.36796,7.96762],[98.36818,7.96769],[98.3684,7.96774],[98.36861,7.96777],[98.36884,7.96779],[98.36906,7.96779],[98.36929,7.96778],[98.36952,7.96776],[98.36975,7.96774],[98.36997,7.96772],[98.3702,7.9677],[98.37043,7.96768],[98.37066,7.96768],[98.3709,7.96767],[98.37115,7.96766],[98.37138,7.96768],[98.37156,7.96777],[98.3717,7.96791],[98.37183,7.9681],[98.37193,7.9683],[98.37203,7.96851],[98.37213,7.96873],[98.37224,7.96894],[98.37235,7.96914],[98.37247,7.96934],[98.37258,7.96954],[98.37272,7.96972],[98.37288,7.96988],[98.37307,7.96999],[98.37328,7.97008],[98.3735,7.97016],[98.37372,7.97024],[98.37392,7.97035],[98.37409,7.97048],[98.37424,7.97064],[98.37439,7.97082],[98.37452,7.971],[98.37465,7.97119],[98.37477,7.97139],[98.37489,7.97159],[98.37501,7.97178],[98.37512,7.97198],[98.37521,7.97218],[98.37531,7.97239],[98.3754,7.9726],[98.37549,7.9728],[98.37558,7.97301],[98.37567,7.97324],[98.37579,7.9734],[98.37603,7.97336],[98.37621,7.97322],[98.37638,7.97307],[98.37659,7.97296],[98.3768,7.9729],[98.37699,7.97302],[98.37708,7.97323],[98.37702,7.97345],[98.37695,7.97367],[98.37702,7.97385],[98.37723,7.97388],[98.37739,7.97373],[98.37754,7.97355],[98.37771,7.97339],[98.37792,7.97328],[98.37814,7.97327],[98.37833,7.97337],[98.37851,7.97351],[98.37869,7.97366],[98.37888,7.9738],[98.37906,7.97394],[98.37926,7.97405],[98.3795,7.9741],[98.37971,7.97405],[98.3798,7.97385],[98.37981,7.9736],[98.37975,7.97339],[98.37965,7.97319],[98.37955,7.97298],[98.37948,7.97276],[98.37941,7.97254],[98.37934,7.97232],[98.37928,7.97209],[98.37926,7.97187],[98.37928,7.97166],[98.37937,7.97143],[98.37951,7.97124],[98.37968,7.9711],[98.3799,7.97102],[98.38015,7.97098],[98.38039,7.97099],[98.38057,7.97108],[98.38071,7.97123],[98.38083,7.97144],[98.38094,7.97166],[98.38103,7.97188],[98.38109,7.9721],[98.38114,7.97232],[98.38118,7.97255],[98.38123,7.97276],[98.38131,7.97298],[98.38144,7.9732],[98.38161,7.97333],[98.38181,7.97336],[98.38205,7.97335],[98.38229,7.97332],[98.38252,7.97326],[98.38273,7.97318],[98.38291,7.97306],[98.38307,7.97291],[98.38321,7.97273],[98.38334,7.97253],[98.38348,7.97234],[98.38363,7.97217],[98.38378,7.972],[98.38393,7.97183],[98.38408,7.97165],[98.38423,7.97148],[98.38439,7.97131],[98.38454,7.97114],[98.3847,7.97098],[98.38487,7.97083],[98.38504,7.97069],[98.38522,7.97056],[98.38541,7.97044],[98.38561,7.97034],[98.38581,7.97024],[98.38602,7.97015],[98.38623,7.97007],[98.38645,7.96999],[98.38667,7.96992],[98.38689,7.96985],[98.38711,7.96979],[98.38733,7.96972],[98.38755,7.96966],[98.38777,7.96959],[98.38798,7.96954],[98.3882,7.96948],[98.38843,7.96943],[98.38865,7.96939],[98.38887,7.96935],[98.3891,7.96931],[98.38932,7.96927],[98.38955,7.96923],[98.38977,7.9692],[98.38999,7.96916],[98.39022,7.96913],[98.39044,7.9691],[98.39067,7.96907],[98.39089,7.96904],[98.39112,7.96901],[98.39134,7.96898],[98.39157,7.96896],[98.39179,7.96893],[98.39202,7.9689],[98.39241,7.96885],[98.39258,7.96901],[98.39275,7.96915],[98.39293,7.96929],[98.39312,7.96943],[98.3933,7.96957],[98.39347,7.96972],[98.39363,7.96987],[98.39378,7.97004],[98.39393,7.97021],[98.39409,7.97039],[98.39423,7.97057],[98.39437,7.97076],[98.3945,7.97095],[98.3946,7.97114],[98.39469,7.97134],[98.39475,7.97155],[98.39477,7.97177],[98.39477,7.972],[98.39476,7.97223],[98.39474,7.97246],[98.39474,7.9727],[98.39475,7.97292],[98.39479,7.97314],[98.39486,7.97335],[98.39495,7.97356],[98.39505,7.97377],[98.39515,7.97398],[98.39525,7.97418],[98.39536,7.97439],[98.39547,7.9746],[98.39556,7.97481],[98.39562,7.97501],[98.39557,7.97522],[98.3954,7.97541],[98.39519,7.97548],[98.39494,7.97548],[98.39473,7.97552],[98.39462,7.97569],[98.39456,7.97592],[98.39451,7.97616],[98.39447,7.97639],[98.39445,7.97661],[98.39443,7.97684],[98.39439,7.97706],[98.39432,7.97728],[98.39425,7.97749],[98.39416,7.97771],[98.39405,7.97791],[98.39392,7.97809],[98.39375,7.97823],[98.39355,7.97836],[98.39336,7.97849],[98.39321,7.97865],[98.39315,7.97885],[98.39314,7.97926],[98.3933,7.97942],[98.39345,7.97959],[98.39361,7.97975],[98.39377,7.97991],[98.39396,7.98004],[98.39415,7.98016],[98.39436,7.98028],[98.39455,7.9804],[98.39473,7.98054],[98.39489,7.98069],[98.39501,7.98087],[98.3951,7.98109],[98.39516,7.98132],[98.39519,7.98155],[98.39518,7.98176],[98.39509,7.98196],[98.39497,7.98217],[98.39486,7.98237],[98.39475,7.98258],[98.39465,7.98279],[98.3946,7.983],[98.39464,7.98323],[98.39477,7.98344],[98.39495,7.98354],[98.39517,7.9836],[98.39541,7.98363],[98.39565,7.98364],[98.39587,7.98361],[98.39607,7.98354],[98.39626,7.98339],[98.39641,7.9832],[98.39652,7.98301],[98.3966,7.9828],[98.39667,7.98258],[98.39677,7.98237],[98.39689,7.98219],[98.39706,7.98201],[98.39724,7.98185],[98.39744,7.98173],[98.39764,7.98169],[98.39785,7.9817],[98.39808,7.98176],[98.3983,7.98185],[98.39852,7.98196],[98.39871,7.98209],[98.39889,7.98222],[98.39905,7.98239],[98.3992,7.98258],[98.39931,7.98279],[98.39939,7.98299],[98.39938,7.9832],[98.39932,7.98342],[98.39924,7.98365],[98.39921,7.98388],[98.39921,7.9841],[98.39924,7.98433],[98.39928,7.98455],[98.39935,7.98477],[98.39946,7.98497],[98.39957,7.98517],[98.39967,7.98537],[98.39971,7.98559],[98.39965,7.98581],[98.39961,7.98604],[98.39963,7.98627],[98.39969,7.9865],[98.39979,7.9867],[98.39995,7.98684],[98.40013,7.98697],[98.40032,7.98709],[98.40052,7.9872],[98.40072,7.98731],[98.40093,7.98741],[98.40114,7.98751],[98.40135,7.98761],[98.40155,7.98771],[98.40176,7.98781],[98.40196,7.98791],[98.40216,7.98801],[98.40237,7.98811],[98.40257,7.9882],[98.40278,7.9883],[98.40299,7.98839],[98.40319,7.98849],[98.4034,7.98858],[98.4036,7.98868],[98.40381,7.98878],[98.40401,7.98888],[98.40421,7.98899],[98.40441,7.9891],[98.4046,7.98922],[98.4048,7.98934],[98.40499,7.98946],[98.40518,7.98957],[98.40538,7.98968],[98.40558,7.98979],[98.40579,7.98988],[98.40599,7.98997],[98.4062,7.99006],[98.40641,7.99015],[98.40662,7.99023],[98.40684,7.99031],[98.40705,7.99039],[98.40726,7.99046],[98.40748,7.99054],[98.40769,7.99061],[98.40791,7.99068],[98.40812,7.99075],[98.40834,7.99082],[98.40856,7.99089],[98.40877,7.99096],[98.40899,7.99102],[98.40921,7.99109],[98.40943,7.99115],[98.40965,7.99121],[98.40987,7.99127],[98.41009,7.99131],[98.41032,7.99136],[98.41054,7.99139],[98.41077,7.99141],[98.41099,7.99143],[98.41122,7.99144],[98.41144,7.99144],[98.41167,7.99145],[98.4119,7.99145],[98.41213,7.99144],[98.41236,7.99143],[98.41259,7.99141],[98.41281,7.99139],[98.41304,7.99137],[98.41326,7.99133],[98.41349,7.99129],[98.41371,7.99125],[98.41393,7.99119],[98.41414,7.99114],[98.41436,7.99108],[98.41458,7.99101],[98.4148,7.99094],[98.41501,7.99086],[98.41523,7.99078],[98.41544,7.9907],[98.41565,7.99061],[98.41586,7.99052],[98.41607,7.99043],[98.41628,7.99033],[98.41648,7.99023],[98.41668,7.99012],[98.41687,7.99001],[98.41707,7.98989],[98.41726,7.98977],[98.41744,7.98963],[98.41763,7.98949],[98.4178,7.98934],[98.41797,7.98919],[98.41813,7.98903],[98.41829,7.98886],[98.41843,7.98869],[98.41856,7.98851],[98.41868,7.98832],[98.41878,7.98812],[98.41888,7.98791],[98.41896,7.9877],[98.41905,7.98749],[98.41913,7.98727],[98.41922,7.98706],[98.4193,7.98685],[98.41938,7.98664],[98.41946,7.98642],[98.41953,7.98621],[98.4196,7.98599],[98.41968,7.98578],[98.41976,7.98557],[98.41985,7.98536],[98.41995,7.98516],[98.42007,7.98494],[98.42021,7.98472],[98.42036,7.98452],[98.42051,7.98438],[98.42067,7.98433],[98.42085,7.98439],[98.42104,7.98453],[98.42124,7.98471],[98.42142,7.98489],[98.42159,7.98504],[98.42174,7.98522],[98.42188,7.9854],[98.42203,7.98556],[98.4222,7.98571],[98.42241,7.98583],[98.42263,7.9859],[98.42283,7.98585],[98.423,7.98569],[98.42317,7.98552],[98.42338,7.9854],[98.42362,7.98529],[98.42382,7.98529],[98.42395,7.98544],[98.42404,7.98563],[98.42413,7.98585],[98.42421,7.98608],[98.42429,7.98631],[98.42439,7.98652],[98.42452,7.9867],[98.42466,7.98689],[98.4248,7.98707],[98.42494,7.98724],[98.42507,7.98743],[98.42518,7.98762],[98.42528,7.98783],[98.42539,7.98806],[98.42548,7.98829],[98.42556,7.98851],[98.42561,7.98873],[98.42562,7.98893],[98.42556,7.98911],[98.42538,7.98926],[98.42514,7.98937],[98.4249,7.98942],[98.4247,7.98938],[98.4245,7.98928],[98.4243,7.98914],[98.42411,7.98899],[98.42394,7.98884],[98.42378,7.98867],[98.42362,7.98849],[98.42347,7.98831],[98.42331,7.98815],[98.42314,7.98801],[98.42295,7.98791],[98.42273,7.98787],[98.4225,7.98787],[98.42226,7.9879],[98.42204,7.98797],[98.42183,7.98806],[98.42163,7.98816],[98.42144,7.98828],[98.42124,7.9884],[98.42105,7.98854],[98.42087,7.98868],[98.4207,7.98882],[98.42053,7.98897],[98.42036,7.98913],[98.4202,7.98928],[98.42004,7.98945],[98.41988,7.98961],[98.41973,7.98979],[98.41959,7.98996],[98.41945,7.99014],[98.41932,7.99032],[98.41919,7.99051],[98.41906,7.9907],[98.41894,7.99089],[98.41882,7.99108],[98.4187,7.99128],[98.41859,7.99148],[98.41849,7.99168],[98.41839,7.99188],[98.41829,7.99208],[98.41821,7.99229],[98.41814,7.9925],[98.41808,7.99272],[98.41804,7.99295],[98.418,7.99317],[98.41795,7.99339],[98.41791,7.99362],[98.41785,7.99384],[98.4178,7.9941],[98.41772,7.99431],[98.41756,7.99436],[98.41734,7.99427],[98.4171,7.99415],[98.41688,7.99414],[98.41668,7.99423],[98.41648,7.99433],[98.41628,7.99445],[98.41609,7.99458],[98.41591,7.99473],[98.41573,7.99489],[98.41557,7.99505],[98.41543,7.99523],[98.4153,7.9954],[98.41518,7.99559],[98.41506,7.99579],[98.41496,7.99599],[98.41485,7.99619],[98.41476,7.9964],[98.41466,7.99661],[98.41457,7.99682],[98.41448,7.99703],[98.41438,7.99724],[98.41429,7.99744],[98.41421,7.99765],[98.41413,7.99787],[98.41406,7.99808],[98.41399,7.9983],[98.41391,7.99851],[98.41382,7.99872],[98.41373,7.99892],[98.41364,7.99913],[98.41355,7.99934],[98.41345,7.99955],[98.41335,7.99975],[98.41324,7.99994],[98.41311,8.00013],[98.41298,8.00032],[98.41284,8.0005],[98.4127,8.00067],[98.41255,8.00084],[98.4124,8.00101],[98.41224,8.00117],[98.41207,8.00133],[98.41191,8.00148],[98.41173,8.00162],[98.41154,8.00175],[98.41136,8.00188],[98.41116,8.002],[98.41097,8.00213],[98.41074,8.00229],[98.41066,8.00267],[98.41061,8.00289],[98.41056,8.00311],[98.41052,8.00333],[98.41047,8.00355],[98.41043,8.00377],[98.41038,8.00399],[98.41033,8.00422],[98.41028,8.00444],[98.41023,8.00466],[98.41018,8.00488],[98.41012,8.0051],[98.41007,8.00531],[98.40999,8.00553],[98.4099,8.00574],[98.40981,8.00594],[98.40973,8.00616],[98.40969,8.00639],[98.40972,8.00661],[98.40992,8.00665],[98.41015,8.00671],[98.41036,8.00683],[98.41049,8.00699],[98.41054,8.0072],[98.41056,8.00744],[98.41058,8.00767],[98.41059,8.0079],[98.4106,8.00813],[98.41062,8.00836],[98.41066,8.00857],[98.41079,8.00875],[98.41099,8.00888],[98.4112,8.00897],[98.41142,8.00905],[98.41161,8.00916],[98.41174,8.00936],[98.41181,8.00958],[98.41175,8.00978],[98.41154,8.00992],[98.41133,8.00991],[98.41111,8.00984],[98.41089,8.00975],[98.41068,8.00966],[98.41047,8.00956],[98.41027,8.00946],[98.41007,8.00936],[98.40986,8.00927],[98.40963,8.00922],[98.4094,8.00917],[98.4092,8.00909],[98.40904,8.00893],[98.40891,8.00871],[98.40878,8.00851],[98.40863,8.00839],[98.40841,8.0084],[98.40817,8.00851],[98.40801,8.00866],[98.40798,8.00886],[98.40802,8.0091],[98.40805,8.00934],[98.40805,8.00957],[98.40805,8.0098],[98.40807,8.01003],[98.40814,8.01023],[98.40836,8.0103],[98.40859,8.0103],[98.40882,8.01031],[98.40904,8.01037],[98.40925,8.01044],[98.40948,8.01048],[98.4097,8.01049],[98.40992,8.01042],[98.41013,8.01037],[98.41036,8.01041],[98.41058,8.01047],[98.41078,8.01057],[98.41096,8.01071],[98.41113,8.01086],[98.41129,8.01103],[98.41145,8.01119],[98.41162,8.01135],[98.4118,8.0115],[98.41197,8.01167],[98.41208,8.01185],[98.41212,8.01205],[98.41211,8.01227],[98.41207,8.01251],[98.41202,8.01274],[98.412,8.01297],[98.41201,8.0132],[98.41204,8.01343],[98.41204,8.01365],[98.412,8.01387],[98.41191,8.0141],[98.41177,8.01428],[98.41158,8.01437],[98.41134,8.01442],[98.4111,8.01441],[98.41089,8.01435],[98.41074,8.0142],[98.4106,8.01399],[98.41045,8.01382],[98.41025,8.0137],[98.41001,8.01363],[98.40979,8.01361],[98.40962,8.01372],[98.40949,8.01394],[98.40946,8.01415],[98.40953,8.01437],[98.40963,8.01459],[98.40974,8.01479],[98.40982,8.015],[98.40981,8.01522],[98.40977,8.01544],[98.40973,8.01567],[98.40971,8.0159],[98.40971,8.01614],[98.40974,8.01641],[98.40979,8.01659],[98.40992,8.01651],[98.41011,8.01632],[98.41035,8.01632],[98.41056,8.01641],[98.41063,8.01659],[98.41064,8.01683],[98.41062,8.01708],[98.41059,8.0173],[98.41053,8.01752],[98.41048,8.01774],[98.41045,8.01796],[98.41042,8.01819],[98.41039,8.01841],[98.41037,8.01864],[98.41035,8.01886],[98.41034,8.01909],[98.41034,8.01931],[98.41033,8.01954],[98.41034,8.01977],[98.41035,8.02],[98.41038,8.02022],[98.41043,8.02044],[98.41052,8.02064],[98.41065,8.02084],[98.41076,8.02103],[98.41087,8.02125],[98.41098,8.02147],[98.41105,8.02168],[98.41102,8.02187],[98.4108,8.02201],[98.41059,8.02203],[98.41044,8.02185],[98.4103,8.02165],[98.41015,8.02144],[98.41001,8.02125],[98.40989,8.02118],[98.40986,8.02144],[98.40989,8.02166],[98.40995,8.02188],[98.41,8.0221],[98.41006,8.02232],[98.4101,8.02255],[98.41013,8.02277],[98.41015,8.02299],[98.41017,8.02322],[98.41019,8.02344],[98.4102,8.02367],[98.41022,8.0239],[98.41023,8.02412],[98.41024,8.02435],[98.41025,8.02457],[98.41027,8.0248],[98.41028,8.02503],[98.41028,8.02525],[98.41029,8.02548],[98.4103,8.0257],[98.41031,8.02593],[98.41032,8.02616],[98.41033,8.02638],[98.41034,8.02661],[98.41036,8.02683],[98.41037,8.02706],[98.41039,8.02729],[98.41041,8.02751],[98.41043,8.02774],[98.41045,8.02796],[98.41047,8.02819],[98.41048,8.02841],[98.41049,8.02864],[98.41049,8.02886],[98.41049,8.02909],[98.41043,8.02931],[98.41036,8.02953],[98.41032,8.02975],[98.41032,8.02997],[98.41035,8.0302],[98.41039,8.03042],[98.41043,8.03065],[98.41049,8.03087],[98.41056,8.03109],[98.41066,8.03128],[98.41087,8.03138],[98.41109,8.03135],[98.41129,8.03123],[98.41142,8.03104],[98.41146,8.03082],[98.41148,8.0306],[98.41148,8.03037],[98.41148,8.03014],[98.41148,8.02991],[98.41147,8.02969],[98.41147,8.02946],[98.41147,8.02924],[98.41147,8.02901],[98.41146,8.02878],[98.41146,8.02855],[98.41146,8.02833],[98.41148,8.0281],[98.41151,8.02788],[98.41156,8.02764],[98.41164,8.0274],[98.41174,8.02718],[98.41186,8.02704],[98.41203,8.02707],[98.41224,8.02726],[98.41235,8.02745],[98.41243,8.02766],[98.41251,8.02788],[98.41258,8.0281],[98.41266,8.02831],[98.41276,8.02851],[98.41288,8.0287],[98.413,8.0289],[98.4131,8.0291],[98.41322,8.02931],[98.4133,8.02952],[98.41334,8.02973],[98.41331,8.02995],[98.41326,8.03018],[98.41317,8.0304],[98.41306,8.03059],[98.41292,8.03078],[98.41277,8.03096],[98.41263,8.03114],[98.41251,8.03132],[98.41252,8.03156],[98.41267,8.03168],[98.41289,8.03158],[98.41312,8.03152],[98.41336,8.0315],[98.41359,8.03152],[98.41377,8.03164],[98.41393,8.03179],[98.41408,8.03196],[98.41422,8.03215],[98.41435,8.03234],[98.41449,8.03252],[98.41463,8.0327],[98.41477,8.03289],[98.4149,8.03308],[98.41502,8.03327],[98.41513,8.03347],[98.4152,8.03367],[98.41525,8.03391],[98.41527,8.03415],[98.41527,8.03438],[98.41522,8.0346],[98.41512,8.03476],[98.41491,8.03486],[98.41467,8.03494],[98.41448,8.03507],[98.41427,8.03522],[98.4141,8.03538],[98.41403,8.03556],[98.41409,8.03575],[98.41423,8.03595],[98.4144,8.03614],[98.41457,8.03629],[98.41474,8.03643],[98.41493,8.03657],[98.41512,8.03669],[98.41531,8.03682],[98.41546,8.03678],[98.41546,8.03654],[98.41547,8.0363],[98.41555,8.03612],[98.41577,8.03599],[98.41599,8.03601],[98.41617,8.03613],[98.41634,8.03627],[98.41651,8.03643],[98.41667,8.03661],[98.41681,8.03679],[98.41694,8.03698],[98.41706,8.03717],[98.41715,8.03738],[98.41723,8.0376],[98.41729,8.03782],[98.41735,8.03804],[98.41738,8.03826],[98.41741,8.03849],[98.41742,8.03873],[98.41741,8.03896],[98.41738,8.03918],[98.41732,8.03939],[98.41718,8.03957],[98.41699,8.03972],[98.41678,8.0398],[98.41651,8.03974],[98.4164,8.03982],[98.41641,8.04005],[98.41648,8.0403],[98.41659,8.0405],[98.41676,8.04065],[98.41695,8.04078],[98.41715,8.04089],[98.41737,8.04098],[98.41759,8.04106],[98.41777,8.04118],[98.4179,8.04136],[98.41797,8.04158],[98.41801,8.04181],[98.418,8.04204],[98.41792,8.04226],[98.41788,8.04248],[98.41797,8.04269],[98.41814,8.04284],[98.41836,8.0429],[98.41859,8.04291],[98.41882,8.04287],[98.41904,8.04281],[98.41926,8.04274],[98.41946,8.04264],[98.41965,8.04252],[98.41982,8.04236],[98.41998,8.04219],[98.42017,8.04208],[98.42043,8.04202],[98.42065,8.04205],[98.42075,8.0422],[98.4208,8.04242],[98.42083,8.04267],[98.42082,8.04292],[98.42079,8.04314],[98.42072,8.04335],[98.42061,8.04355],[98.42051,8.04376],[98.4204,8.04396],[98.42028,8.04416],[98.42018,8.04437],[98.4201,8.04457],[98.42007,8.04479],[98.42007,8.04502],[98.42009,8.04525],[98.42014,8.04548],[98.42022,8.04569],[98.42034,8.04588],[98.4205,8.04606],[98.42068,8.04619],[98.42089,8.04625],[98.42113,8.04628],[98.42135,8.04632],[98.42158,8.04639],[98.4218,8.04647],[98.42201,8.04651],[98.42223,8.04648],[98.42244,8.04638],[98.42265,8.04627],[98.42286,8.04622],[98.42309,8.04627],[98.42332,8.04635],[98.42353,8.04637],[98.42373,8.04626],[98.42389,8.04608],[98.42396,8.04587],[98.42399,8.04565],[98.424,8.04542],[98.42401,8.04519],[98.42402,8.04496],[98.42405,8.04474],[98.4241,8.0445],[98.42416,8.04426],[98.42425,8.04407],[98.42441,8.04393],[98.42459,8.04382],[98.4248,8.04373],[98.42503,8.04367],[98.42526,8.0436],[98.42549,8.04355],[98.42571,8.04349],[98.42593,8.04344],[98.42615,8.04341],[98.42638,8.04338],[98.4266,8.04334],[98.42683,8.04331],[98.42707,8.04324],[98.42731,8.04319],[98.42752,8.04311],[98.42767,8.04296],[98.42778,8.04278],[98.42787,8.04258],[98.42795,8.04237],[98.42802,8.04215],[98.42809,8.04192],[98.42817,8.0417],[98.42825,8.04149],[98.42835,8.04128],[98.42846,8.04108],[98.42858,8.04088],[98.4287,8.04068],[98.42883,8.04049],[98.42897,8.04031],[98.42913,8.04014],[98.42929,8.04],[98.42947,8.03987],[98.42967,8.03976],[98.42988,8.03967],[98.43011,8.03959],[98.43034,8.03954],[98.43057,8.0395],[98.43079,8.03948],[98.43101,8.03949],[98.43123,8.03954],[98.43145,8.03962],[98.43167,8.03973],[98.43187,8.03985],[98.43204,8.03998],[98.4322,8.04015],[98.43232,8.04037],[98.43239,8.04059],[98.43238,8.04079],[98.43228,8.041],[98.43212,8.04119],[98.43194,8.04131],[98.43171,8.04136],[98.43147,8.04138],[98.43126,8.04146],[98.43108,8.04159],[98.43089,8.04173],[98.43073,8.0419],[98.43058,8.04207],[98.43048,8.04226],[98.4304,8.04247],[98.43036,8.0427],[98.43033,8.04293],[98.43033,8.04316],[98.43033,8.04339],[98.43035,8.04361],[98.43038,8.04384],[98.43043,8.04407],[98.43049,8.04429],[98.43055,8.0445],[98.43065,8.04471],[98.43077,8.0449],[98.43091,8.04509],[98.43104,8.04528],[98.43115,8.04547],[98.4312,8.04568],[98.43124,8.04591],[98.43125,8.04614],[98.43124,8.04637],[98.43122,8.0466],[98.43117,8.04682],[98.43109,8.04702],[98.43097,8.04722],[98.43083,8.04741],[98.43071,8.0476],[98.43061,8.0478],[98.43055,8.04802],[98.43052,8.04824],[98.43049,8.04847],[98.43048,8.0487],[98.43047,8.04893],[98.43047,8.04915],[98.43048,8.04938],[98.43048,8.04961],[98.43048,8.04983],[98.43048,8.05006],[98.43045,8.05028],[98.4304,8.0505],[98.43033,8.05072],[98.43024,8.05093],[98.43011,8.05112],[98.42996,8.05129],[98.42981,8.05147],[98.4297,8.05166],[98.42964,8.05187],[98.4296,8.05209],[98.42956,8.05232],[98.42953,8.05254],[98.42951,8.05277],[98.4295,8.053],[98.42949,8.05323],[98.42949,8.05345],[98.42949,8.05368],[98.4295,8.05391],[98.42953,8.05413],[98.42956,8.05436],[98.4296,8.05458],[98.42964,8.0548],[98.42969,8.05502],[98.42974,8.05525],[98.42979,8.05547],[98.42984,8.05569],[98.42989,8.05591],[98.42995,8.05613],[98.43002,8.05634],[98.43008,8.05656],[98.43015,8.05677],[98.43023,8.05699],[98.43031,8.0572],[98.4304,8.05741],[98.43049,8.05761],[98.43058,8.05782],[98.43068,8.05802],[98.43078,8.05823],[98.43088,8.05843],[98.43098,8.05863],[98.43108,8.05884],[98.43118,8.05904],[98.43128,8.05924],[98.43138,8.05945],[98.43148,8.05965],[98.43158,8.05985],[98.43167,8.06006],[98.43177,8.06026],[98.43187,8.06047],[98.43196,8.06067],[98.43206,8.06088],[98.43216,8.06108],[98.43226,8.06128],[98.43236,8.06149],[98.43246,8.06169],[98.43256,8.06189],[98.43266,8.0621],[98.43276,8.0623],[98.43286,8.0625],[98.43296,8.06271],[98.43306,8.06291],[98.43316,8.06311],[98.43326,8.06332],[98.43336,8.06352],[98.43346,8.06372],[98.43357,8.06392],[98.43367,8.06412],[98.43378,8.06432],[98.43389,8.06452],[98.43401,8.06471],[98.43412,8.06491],[98.43425,8.0651],[98.43437,8.06528],[98.4345,8.06547],[98.43463,8.06566],[98.43477,8.06585],[98.43491,8.06603],[98.43505,8.06621],[98.4352,8.06638],[98.43535,8.06656],[98.4355,8.06672],[98.43566,8.06688],[98.43582,8.06703],[98.43599,8.06717],[98.4362,8.06728],[98.43642,8.06736],[98.43665,8.06741],[98.43688,8.06743],[98.4371,8.06742],[98.43732,8.06737],[98.43754,8.06729],[98.43776,8.0672],[98.43798,8.06715],[98.43819,8.06714],[98.43841,8.06724],[98.43862,8.06734],[98.43885,8.06736],[98.43909,8.06731],[98.43924,8.06717],[98.4393,8.06697],[98.43932,8.06674],[98.43933,8.0665],[98.43935,8.06626],[98.43937,8.06603],[98.43938,8.06577],[98.43939,8.06553],[98.43944,8.06533],[98.43958,8.06522],[98.43983,8.06524],[98.44007,8.06532],[98.44026,8.06543],[98.44044,8.06557],[98.44062,8.06571],[98.4408,8.06585],[98.44099,8.06598],[98.44119,8.06608],[98.44142,8.06617],[98.44164,8.06622],[98.44185,8.06621],[98.44206,8.06607],[98.44226,8.06591],[98.44244,8.06582],[98.44262,8.06588],[98.44279,8.06605],[98.44294,8.06626],[98.44304,8.06646],[98.44309,8.06668],[98.44309,8.06691],[98.44308,8.06714],[98.44307,8.06737],[98.44304,8.0676],[98.44301,8.06782],[98.44298,8.06804],[98.44295,8.06827],[98.44291,8.06851],[98.44289,8.06873],[98.44288,8.06896],[98.44293,8.06916],[98.44306,8.06934],[98.44323,8.06951],[98.44337,8.06969],[98.44349,8.06989],[98.4436,8.0701],[98.44368,8.07032],[98.44373,8.07053],[98.44371,8.07074],[98.44363,8.07096],[98.44352,8.07117],[98.44339,8.07136],[98.44325,8.07154],[98.4431,8.07172],[98.44294,8.07189],[98.44277,8.07204],[98.44259,8.07217],[98.4424,8.07228],[98.44219,8.07238],[98.44196,8.07245],[98.44174,8.07251],[98.44151,8.07255],[98.4413,8.07255],[98.44109,8.07248],[98.44087,8.07237],[98.44066,8.07227],[98.44044,8.07222],[98.44022,8.07223],[98.44,8.07227],[98.43978,8.07234],[98.43955,8.07239],[98.43933,8.07245],[98.43911,8.07253],[98.43889,8.0726],[98.43867,8.07265],[98.43845,8.07268],[98.43823,8.07267],[98.43802,8.07262],[98.4378,8.07254],[98.43759,8.07245],[98.43738,8.07235],[98.43717,8.07226],[98.43696,8.07208],[98.43676,8.07191],[98.43659,8.07184],[98.43648,8.07194],[98.43641,8.07219],[98.43636,8.07245],[98.43633,8.07267],[98.43632,8.0729],[98.43631,8.07312],[98.4363,8.07335],[98.43629,8.07358],[98.43628,8.07381],[98.43628,8.07404],[98.43627,8.07427],[98.43621,8.07448],[98.43609,8.07466],[98.43592,8.07481],[98.43574,8.07496],[98.43557,8.07511],[98.43544,8.0753],[98.43533,8.0755],[98.43522,8.0757],[98.4351,8.07589],[98.43496,8.07607],[98.4348,8.07623],[98.43464,8.07639],[98.43441,8.0765],[98.43424,8.0766],[98.43427,8.0768],[98.43434,8.07701],[98.43445,8.07723],[98.43456,8.07745],[98.43468,8.07765],[98.43483,8.07782],[98.43493,8.07802],[98.43497,8.07823],[98.43499,8.07846],[98.435,8.07869],[98.43499,8.07892],[98.43498,8.07915],[98.43496,8.07937],[98.43493,8.07959],[98.43489,8.07982],[98.43485,8.08004],[98.43481,8.08026],[98.43478,8.08049],[98.43476,8.08071],[98.43475,8.08094],[98.43475,8.08117],[98.43475,8.08139],[98.43475,8.08162],[98.43476,8.08184],[98.43477,8.08207],[98.43478,8.0823],[98.4348,8.08252],[98.43482,8.08275],[98.43484,8.08297],[98.43486,8.0832],[98.43487,8.08342],[98.43489,8.08365],[98.43491,8.08387],[98.43493,8.0841],[98.43495,8.08433],[98.43497,8.08455],[98.43498,8.08478],[98.43499,8.085],[98.43499,8.08523],[98.43498,8.08545],[98.43496,8.08568],[98.43494,8.08591],[98.43492,8.08614],[98.43492,8.08636],[98.43493,8.08658],[98.43497,8.08681],[98.43504,8.08703],[98.43513,8.08724],[98.43524,8.08744],[98.43538,8.08761],[98.43555,8.08777],[98.43574,8.0879],[98.43594,8.08801],[98.43615,8.08809],[98.43637,8.08815],[98.43659,8.08818],[98.43682,8.0882],[98.43705,8.08823],[98.43728,8.08826],[98.4375,8.08829],[98.43773,8.08832],[98.43795,8.08835],[98.43817,8.08841],[98.43838,8.08849],[98.4386,8.08858],[98.4388,8.08868],[98.439,8.08881],[98.43917,8.08895],[98.43932,8.08911],[98.43946,8.0893],[98.43958,8.08949],[98.4397,8.08969],[98.43979,8.0899],[98.43986,8.09011],[98.43988,8.09033],[98.43988,8.09056],[98.43986,8.0908],[98.43982,8.09102],[98.43974,8.09124],[98.43968,8.09146],[98.4397,8.09167],[98.43977,8.09188],[98.43988,8.09209],[98.43999,8.09229],[98.4401,8.09249],[98.44022,8.09269],[98.44034,8.09288],[98.44046,8.09307],[98.44054,8.09329],[98.44045,8.09348],[98.44027,8.09359],[98.44006,8.09369],[98.43985,8.09378],[98.43964,8.09387],[98.43943,8.09396],[98.43922,8.09407],[98.43902,8.09418],[98.43881,8.09428],[98.4386,8.09436],[98.43838,8.09438],[98.43816,8.09434],[98.43794,8.09428],[98.43771,8.09422],[98.43749,8.09419],[98.43726,8.09417],[98.43703,8.09415],[98.4368,8.09415],[98.43658,8.09418],[98.43636,8.09423],[98.43615,8.09432],[98.43595,8.09442],[98.43575,8.09454],[98.43556,8.09466],[98.43537,8.09479],[98.43518,8.09492],[98.43499,8.09505],[98.4348,8.09519],[98.43463,8.09534],[98.43447,8.0955],[98.43433,8.09567],[98.43422,8.09586],[98.43414,8.09607],[98.43409,8.0963],[98.43405,8.09653],[98.43403,8.09675],[98.43404,8.09698],[98.43407,8.09721],[98.4341,8.09743],[98.43411,8.09766],[98.43409,8.09788],[98.43407,8.09812],[98.43404,8.09836],[98.434,8.09859],[98.43393,8.0988],[98.43383,8.09899],[98.43369,8.09914],[98.43348,8.09925],[98.43325,8.09933],[98.43302,8.09937],[98.43279,8.09939],[98.43256,8.0994],[98.43233,8.09939],[98.4321,8.09937],[98.43187,8.09933],[98.43166,8.09928],[98.43145,8.0992],[98.43126,8.09907],[98.43108,8.09893],[98.43089,8.09879],[98.43069,8.09869],[98.43048,8.09862],[98.43026,8.09856],[98.43003,8.09851],[98.4298,8.09848],[98.42958,8.09846],[98.42935,8.09846],[98.42912,8.09847],[98.42889,8.09849],[98.42866,8.09852],[98.42842,8.09855],[98.4282,8.09859],[98.42797,8.09865],[98.42776,8.09872],[98.42756,8.0988],[98.42739,8.09893],[98.42726,8.09912],[98.42716,8.09935],[98.42711,8.09957],[98.42711,8.09979],[98.42713,8.10002],[98.42716,8.10025],[98.42719,8.10048],[98.4272,8.10071],[98.42719,8.10093],[98.42715,8.10117],[98.42709,8.10143],[98.42703,8.10167],[98.42694,8.10189],[98.42685,8.10206],[98.42673,8.10216],[98.42655,8.10209],[98.42634,8.10192],[98.42612,8.10176],[98.42592,8.10167],[98.4257,8.10158],[98.42549,8.10149],[98.42529,8.1014],[98.4251,8.10128],[98.42491,8.10113],[98.42474,8.10096],[98.42461,8.10077],[98.42455,8.10058],[98.42456,8.10035],[98.42462,8.10012],[98.4247,8.0999],[98.42481,8.0997],[98.42493,8.09951],[98.42506,8.09933],[98.4252,8.09914],[98.42533,8.09895],[98.42544,8.09876],[98.42556,8.09856],[98.42568,8.09836],[98.42579,8.09816],[98.42588,8.09795],[98.42595,8.09774],[98.42598,8.09753],[98.42598,8.0973],[98.42596,8.09707],[98.4259,8.09684],[98.42583,8.09662],[98.42575,8.09642],[98.42564,8.09622],[98.42552,8.09603],[98.42539,8.09584],[98.42525,8.09566],[98.42511,8.09548],[98.42497,8.09529],[98.42483,8.09511],[98.42469,8.09492],[98.42455,8.09473],[98.4244,8.09456],[98.42424,8.09441],[98.42405,8.09438],[98.42382,8.09451],[98.42366,8.09443],[98.42353,8.09423],[98.42343,8.09401],[98.42335,8.09379],[98.42328,8.09358],[98.42322,8.09336],[98.42316,8.09314],[98.4231,8.09292],[98.42303,8.09271],[98.42295,8.09249],[98.42288,8.09228],[98.4228,8.09206],[98.42271,8.09186],[98.42261,8.09166],[98.42248,8.09147],[98.42234,8.0913],[98.42217,8.09114],[98.422,8.09099],[98.42183,8.09084],[98.42164,8.09071],[98.42145,8.09058],[98.42126,8.09046],[98.42108,8.09032],[98.42093,8.09016],[98.42079,8.08998],[98.42066,8.08979],[98.42054,8.0896],[98.42041,8.08941],[98.42028,8.08922],[98.42014,8.08904],[98.41999,8.08888],[98.41982,8.08872],[98.41966,8.08857],[98.41948,8.08841],[98.4193,8.08826],[98.41912,8.08813],[98.41893,8.088],[98.41874,8.08788],[98.41854,8.08778],[98.41833,8.0877],[98.41812,8.08762],[98.41791,8.08756],[98.41769,8.0875],[98.41746,8.08745],[98.41724,8.0874],[98.41701,8.08736],[98.41678,8.08733],[98.41656,8.0873],[98.41633,8.08728],[98.4161,8.08726],[98.41587,8.08724],[98.41565,8.08723],[98.41542,8.08724],[98.41519,8.08726],[98.41496,8.08729],[98.41473,8.08733],[98.4145,8.08738],[98.41427,8.08742],[98.41405,8.08746],[98.41382,8.08749],[98.4136,8.08751],[98.41338,8.08751],[98.41316,8.08749],[98.41295,8.08744],[98.41273,8.08736],[98.41252,8.08726],[98.41231,8.08714],[98.41212,8.087],[98.41194,8.08684],[98.41179,8.08667],[98.41167,8.0865],[98.41156,8.08631],[98.41146,8.08611],[98.41137,8.0859],[98.41129,8.08569],[98.41122,8.08547],[98.41115,8.08525],[98.41108,8.08503],[98.41101,8.08481],[98.41093,8.08459],[98.41085,8.08438],[98.41076,8.08417],[98.41067,8.08396],[98.41059,8.08375],[98.4105,8.08353],[98.41041,8.08332],[98.41032,8.0831],[98.41023,8.08289],[98.41014,8.08268],[98.41004,8.08247],[98.40993,8.08228],[98.40982,8.08209],[98.4097,8.0819],[98.40956,8.08173],[98.40941,8.08158],[98.40923,8.08144],[98.40903,8.08132],[98.40882,8.08121],[98.4086,8.08112],[98.40838,8.08105],[98.40816,8.08099],[98.40794,8.08095],[98.40771,8.08091],[98.40749,8.08089],[98.40726,8.08088],[98.40703,8.08087],[98.4068,8.08088],[98.40656,8.08089],[98.40634,8.08091],[98.40611,8.08094],[98.40589,8.08098],[98.40567,8.08103],[98.40544,8.08108],[98.40522,8.08115],[98.405,8.08122],[98.40478,8.0813],[98.40457,8.08139],[98.40436,8.0815],[98.40417,8.08161],[98.40399,8.08174],[98.40382,8.08188],[98.40367,8.08204],[98.40353,8.08221],[98.40339,8.08239],[98.40327,8.08258],[98.40314,8.08278],[98.40302,8.08298],[98.4029,8.08317],[98.40278,8.08337],[98.40265,8.08356],[98.40252,8.08376],[98.40239,8.084],[98.40227,8.08424],[98.40214,8.08444],[98.40201,8.08458],[98.40187,8.08461],[98.40171,8.08454],[98.40155,8.08438],[98.40139,8.08418],[98.40122,8.08397],[98.40105,8.08378],[98.40088,8.08362],[98.40071,8.08347],[98.40054,8.08332],[98.40037,8.08317],[98.4002,8.08302],[98.40002,8.08288],[98.39984,8.08274],[98.39966,8.08261],[98.39946,8.0825],[98.39926,8.08239],[98.39905,8.0823],[98.39884,8.08222],[98.39862,8.08215],[98.3984,8.08209],[98.39818,8.08206],[98.39794,8.08206],[98.39772,8.0821],[98.39751,8.08217],[98.3973,8.08226],[98.3971,8.08236],[98.3969,8.08247],[98.3967,8.08258],[98.3965,8.0827],[98.3963,8.08281],[98.3961,8.08293],[98.39591,8.08304],[98.39571,8.08316],[98.39552,8.08327],[98.39533,8.08339],[98.39513,8.0835],[98.39493,8.08362],[98.39473,8.08372],[98.39453,8.08383],[98.39433,8.08393],[98.39413,8.08403],[98.39392,8.08413],[98.39372,8.08422],[98.39351,8.08432],[98.39331,8.08442],[98.39311,8.08452],[98.39291,8.08463],[98.39271,8.08474],[98.39251,8.08486],[98.39232,8.08498],[98.39212,8.08509],[98.39193,8.08521],[98.39173,8.08533],[98.39154,8.08545],[98.39134,8.08556],[98.39114,8.08567],[98.39094,8.08577],[98.39074,8.08586],[98.39053,8.08595],[98.39032,8.08603],[98.39011,8.08611],[98.38989,8.08618],[98.38967,8.08625],[98.38946,8.08632],[98.38924,8.08638],[98.38902,8.08645],[98.3888,8.08651],[98.38859,8.08658],[98.38837,8.08665],[98.38815,8.08671],[98.38791,8.08676],[98.38768,8.08682],[98.38746,8.08688],[98.38727,8.08698],[98.3871,8.08711],[98.38697,8.08728],[98.38687,8.08748],[98.38678,8.0877],[98.38669,8.08792],[98.38658,8.08813],[98.38646,8.08832],[98.38634,8.08851],[98.38621,8.08869],[98.38609,8.08888],[98.38596,8.08907],[98.38583,8.08925],[98.38569,8.08944],[98.38556,8.08962],[98.38542,8.0898],[98.38528,8.08998],[98.38514,8.09015],[98.385,8.09033],[98.38485,8.09051],[98.38471,8.09068],[98.38457,8.09086],[98.38442,8.09103],[98.38427,8.0912],[98.38412,8.09137],[98.38397,8.09154],[98.38382,8.0917],[98.38366,8.09187],[98.3835,8.09203],[98.38333,8.09218],[98.38316,8.09232],[98.38298,8.09247],[98.38281,8.09261],[98.38263,8.09276],[98.38246,8.0929],[98.38261,8.09314],[98.38272,8.09333],[98.38283,8.09353],[98.38294,8.09373],[98.38305,8.09393],[98.38316,8.09412],[98.38328,8.09432],[98.38339,8.09452],[98.3835,8.09472],[98.3836,8.09492],[98.38371,8.09511],[98.38382,8.09531],[98.38393,8.09551],[98.38404,8.09571],[98.38414,8.09591],[98.38425,8.09611],[98.38435,8.09631],[98.38445,8.09651],[98.38456,8.09672],[98.38466,8.09692],[98.38476,8.09712],[98.38485,8.09733],[98.38495,8.09753],[98.38504,8.09774],[98.38513,8.09795],[98.38522,8.09816],[98.3853,8.09837],[98.38538,8.09858],[98.38545,8.09879],[98.38552,8.09901],[98.38558,8.09923],[98.38565,8.09944],[98.38572,8.09966],[98.38579,8.09987],[98.38587,8.10009],[98.38595,8.1003],[98.38604,8.1005],[98.38614,8.10071],[98.38623,8.10091],[98.38633,8.10112],[98.38642,8.10132],[98.38652,8.10153],[98.38661,8.10173],[98.38671,8.10194],[98.38681,8.10214],[98.38691,8.10234],[98.38701,8.10255],[98.38711,8.10275],[98.38721,8.10296],[98.38731,8.10316],[98.38741,8.10336],[98.38751,8.10356],[98.38761,8.10377],[98.38772,8.10397],[98.38782,8.10417],[98.38792,8.10437],[98.38803,8.10457],[98.38813,8.10477],[98.38824,8.10497],[98.38834,8.10517],[98.38845,8.10537],[98.38856,8.10557],[98.38866,8.10577],[98.38877,8.10597],[98.38888,8.10617],[98.38899,8.10636],[98.38911,8.10656],[98.38923,8.10675],[98.38936,8.10694],[98.38948,8.10713],[98.38961,8.10732],[98.38974,8.1075],[98.38986,8.10769],[98.38999,8.10788],[98.39011,8.10807],[98.39024,8.10826],[98.39035,8.10845],[98.39047,8.10865],[98.39058,8.10884],[98.39068,8.10904],[98.39079,8.10925],[98.39089,8.10945],[98.39099,8.10966],[98.39108,8.10987],[98.39117,8.11008],[98.39125,8.11029],[98.39133,8.1105],[98.3914,8.11072],[98.39147,8.11093],[98.39152,8.11115],[98.39156,8.11137],[98.39159,8.11159],[98.3916,8.11181],[98.39159,8.11204],[98.39158,8.11227],[98.39156,8.1125],[98.39155,8.11273],[98.39154,8.11295],[98.39154,8.11318],[98.39155,8.11341],[98.39157,8.11363],[98.39159,8.11386],[98.39161,8.11408],[98.39164,8.11431],[98.39167,8.11453],[98.3917,8.11476],[98.39174,8.11498],[98.39178,8.1152],[98.39183,8.11542],[98.39188,8.11564],[98.39194,8.11586],[98.39201,8.11608],[98.39209,8.11629],[98.39217,8.1165],[98.39226,8.11671],[98.39236,8.11692],[98.39245,8.11712],[98.39256,8.11732],[98.39266,8.11752],[98.39277,8.11772],[98.39288,8.11792],[98.39299,8.11811],[98.39311,8.11831],[98.39323,8.1185],[98.39334,8.1187],[98.39346,8.11889],[98.39358,8.11909],[98.39362,8.11914],[98.39316,8.11914],[98.39094,8.11925],[98.38882,8.11964],[98.38843,8.11971],[98.38619,8.12014],[98.38437,8.1205],[98.38283,8.12124],[98.3813,8.12228],[98.37955,8.12321],[98.37817,8.12419],[98.37675,8.12538],[98.37447,8.12699],[98.37347,8.12773],[98.37191,8.12919],[98.37032,8.13035],[98.36893,8.13156],[98.36821,8.13237],[98.36725,8.13346],[98.36634,8.1344],[98.3661,8.13464]]],[[[98.425,8.11452],[98.42519,8.11465],[98.42532,8.11483],[98.42544,8.11503],[98.42556,8.11522],[98.42567,8.11542],[98.42577,8.11562],[98.42585,8.11583],[98.4259,8.11605],[98.42593,8.11628],[98.42598,8.1165],[98.42603,8.11672],[98.42608,8.11694],[98.42613,8.11716],[98.42621,8.11738],[98.42625,8.1176],[98.42626,8.11782],[98.42625,8.11805],[98.42622,8.11827],[98.42618,8.1185],[98.42608,8.11871],[98.42585,8.1187],[98.42568,8.11857],[98.42554,8.11838],[98.42542,8.11819],[98.42532,8.11798],[98.42524,8.11777],[98.42515,8.11756],[98.42507,8.11735],[98.42499,8.11714],[98.42492,8.11693],[98.42483,8.11672],[98.42475,8.11651],[98.42465,8.11631],[98.42455,8.1161],[98.42446,8.11589],[98.42439,8.11568],[98.42433,8.11546],[98.42429,8.11524],[98.42427,8.115],[98.42429,8.11476],[98.42438,8.11458],[98.4248,8.11441],[98.425,8.11452]]],[[[98.40629,8.10853],[98.40616,8.10872],[98.406,8.10888],[98.40581,8.10901],[98.40561,8.10912],[98.4054,8.10921],[98.40519,8.10927],[98.40495,8.1093],[98.40474,8.10925],[98.40457,8.1091],[98.40441,8.10893],[98.40423,8.1088],[98.40402,8.1087],[98.40381,8.10863],[98.40359,8.10857],[98.40336,8.10852],[98.40314,8.1085],[98.40291,8.1085],[98.40269,8.10855],[98.40246,8.10856],[98.40223,8.10854],[98.402,8.10851],[98.40179,8.10845],[98.4016,8.10833],[98.40143,8.10818],[98.40126,8.10802],[98.40111,8.10785],[98.40095,8.10769],[98.40077,8.10755],[98.40056,8.10747],[98.40035,8.10738],[98.40014,8.10728],[98.39996,8.10715],[98.39985,8.10694],[98.39983,8.10673],[98.39991,8.10651],[98.4,8.1063],[98.4001,8.10609],[98.40016,8.10588],[98.40017,8.10565],[98.40016,8.10543],[98.40012,8.1052],[98.40005,8.10498],[98.39998,8.10476],[98.39999,8.10455],[98.40018,8.10442],[98.40042,8.10442],[98.40064,8.10448],[98.40083,8.10459],[98.40102,8.10472],[98.40119,8.10487],[98.40145,8.10507],[98.40167,8.10514],[98.40188,8.10522],[98.40209,8.10529],[98.4023,8.10538],[98.40251,8.10549],[98.40271,8.10559],[98.4029,8.1057],[98.4031,8.10582],[98.40331,8.10591],[98.40352,8.10599],[98.40374,8.10606],[98.40396,8.1061],[98.40419,8.10609],[98.40442,8.10609],[98.40463,8.10615],[98.40482,8.10626],[98.40501,8.1064],[98.40519,8.10654],[98.40536,8.10669],[98.40552,8.10686],[98.40569,8.107],[98.40589,8.10712],[98.40608,8.10725],[98.40621,8.10743],[98.4063,8.10764],[98.40636,8.10786],[98.40638,8.10809],[98.40635,8.10832],[98.40629,8.10853]]],[[[98.45002,8.063],[98.45001,8.06322],[98.44998,8.06345],[98.44995,8.06367],[98.44991,8.06389],[98.44986,8.06412],[98.44981,8.06435],[98.44972,8.06456],[98.44958,8.06473],[98.44937,8.06485],[98.44916,8.06487],[98.44895,8.06479],[98.44875,8.06468],[98.44855,8.06454],[98.44837,8.0644],[98.44821,8.06425],[98.44805,8.06409],[98.44789,8.06392],[98.44773,8.06376],[98.44758,8.06359],[98.44743,8.06341],[98.44727,8.06325],[98.44708,8.06314],[98.44687,8.06307],[98.44664,8.06302],[98.44641,8.06298],[98.44619,8.06294],[98.44596,8.0629],[98.44574,8.06287],[98.44551,8.06286],[98.44528,8.06288],[98.44505,8.06291],[98.44483,8.06292],[98.44461,8.06287],[98.44442,8.06274],[98.44429,8.06256],[98.44419,8.06235],[98.4441,8.06214],[98.44399,8.06194],[98.44386,8.06176],[98.4437,8.06159],[98.44354,8.06144],[98.44337,8.06129],[98.44318,8.06116],[98.44298,8.06105],[98.44279,8.06093],[98.44262,8.06077],[98.4425,8.06058],[98.44241,8.06037],[98.44235,8.06013],[98.44233,8.05991],[98.44238,8.0597],[98.44248,8.05951],[98.44262,8.05932],[98.44278,8.05915],[98.44295,8.05898],[98.44312,8.05883],[98.4433,8.0587],[98.44349,8.05858],[98.44369,8.05847],[98.4439,8.05837],[98.44411,8.05828],[98.44432,8.05822],[98.44454,8.05816],[98.44477,8.05811],[98.44499,8.05806],[98.44521,8.058],[98.44543,8.05795],[98.44565,8.0579],[98.44587,8.05785],[98.44609,8.0578],[98.44631,8.05775],[98.44662,8.05767],[98.44685,8.05768],[98.44707,8.0577],[98.44729,8.05775],[98.44752,8.05778],[98.44775,8.05781],[98.44797,8.05779],[98.44818,8.05771],[98.44838,8.05759],[98.44857,8.05746],[98.44875,8.05733],[98.44892,8.05718],[98.4491,8.05704],[98.44931,8.05691],[98.44951,8.05684],[98.44974,8.05691],[98.44989,8.05708],[98.4499,8.05729],[98.44984,8.05752],[98.44975,8.05774],[98.44966,8.05795],[98.44954,8.05815],[98.44941,8.05833],[98.44926,8.0585],[98.44908,8.05864],[98.4489,8.05877],[98.44871,8.0589],[98.44851,8.05903],[98.44831,8.05914],[98.44813,8.05927],[98.44798,8.05942],[98.44793,8.05965],[98.44796,8.05988],[98.44801,8.06011],[98.4481,8.06032],[98.44822,8.06051],[98.44837,8.06067],[98.44853,8.06083],[98.4487,8.06098],[98.44887,8.06113],[98.44904,8.06129],[98.4492,8.06145],[98.44937,8.06161],[98.44953,8.06178],[98.44968,8.06195],[98.44981,8.06213],[98.44992,8.06232],[98.44998,8.06254],[98.45001,8.06277],[98.45002,8.063]]],[[[98.46569,8.06172],[98.46548,8.06179],[98.46528,8.0619],[98.46507,8.06201],[98.46486,8.06214],[98.46466,8.0622],[98.46447,8.06211],[98.46428,8.06197],[98.46408,8.06184],[98.46387,8.06175],[98.46367,8.06165],[98.46346,8.06157],[98.46324,8.06148],[98.46303,8.06141],[98.46281,8.06135],[98.46259,8.06129],[98.46237,8.06123],[98.46215,8.06118],[98.46193,8.06114],[98.4617,8.0611],[98.46148,8.06106],[98.46126,8.06104],[98.46103,8.06102],[98.4608,8.06102],[98.46058,8.06102],[98.46035,8.06102],[98.46012,8.06101],[98.45989,8.06101],[98.45967,8.061],[98.45944,8.06099],[98.45921,8.06098],[98.45899,8.06097],[98.45876,8.06096],[98.45853,8.06096],[98.4583,8.06097],[98.45806,8.06098],[98.45785,8.06095],[98.45765,8.06085],[98.45749,8.06067],[98.4574,8.06047],[98.45743,8.06024],[98.45752,8.06003],[98.45765,8.05984],[98.45773,8.05963],[98.45779,8.05941],[98.45783,8.05919],[98.45787,8.05896],[98.45789,8.05874],[98.45789,8.05851],[98.45789,8.05828],[98.45787,8.05805],[98.45784,8.05783],[98.4578,8.05761],[98.45773,8.05739],[98.45764,8.05719],[98.45753,8.05699],[98.45742,8.05678],[98.45733,8.05658],[98.45725,8.05636],[98.45719,8.05614],[98.45717,8.05591],[98.4572,8.05569],[98.45727,8.05548],[98.45736,8.05528],[98.45747,8.05507],[98.45758,8.05487],[98.4577,8.05468],[98.45783,8.05449],[98.45797,8.05431],[98.45811,8.05413],[98.45826,8.05396],[98.45842,8.0538],[98.45857,8.05363],[98.45872,8.05346],[98.45887,8.05329],[98.45901,8.05311],[98.45915,8.05293],[98.45928,8.05275],[98.45941,8.05256],[98.45953,8.05237],[98.45964,8.05217],[98.45972,8.05196],[98.45979,8.05174],[98.45985,8.05153],[98.45991,8.05131],[98.45997,8.05109],[98.46001,8.05086],[98.46007,8.05064],[98.46014,8.05043],[98.46024,8.05022],[98.4604,8.05007],[98.46063,8.05],[98.46085,8.05003],[98.46105,8.05015],[98.46127,8.05019],[98.4615,8.0502],[98.46173,8.05017],[98.46194,8.0501],[98.46214,8.05001],[98.46234,8.0499],[98.46254,8.04978],[98.46273,8.04965],[98.46292,8.04952],[98.4631,8.04939],[98.46328,8.04925],[98.46345,8.0491],[98.46362,8.04895],[98.46379,8.0488],[98.46395,8.04864],[98.46411,8.04848],[98.46428,8.04832],[98.46444,8.04817],[98.4646,8.04801],[98.46476,8.04785],[98.46492,8.04768],[98.46508,8.04752],[98.46523,8.04735],[98.46538,8.04719],[98.46553,8.04701],[98.46567,8.04684],[98.46581,8.04666],[98.46594,8.04648],[98.46607,8.04629],[98.4662,8.0461],[98.46631,8.0459],[98.46642,8.04571],[98.46653,8.04551],[98.46663,8.0453],[98.46672,8.04509],[98.46679,8.04488],[98.46686,8.04466],[98.4669,8.04444],[98.46694,8.04422],[98.46697,8.04399],[98.46699,8.04377],[98.467,8.04354],[98.46701,8.04331],[98.467,8.04309],[98.46697,8.04286],[98.46692,8.04263],[98.46685,8.04243],[98.4667,8.04226],[98.46654,8.04209],[98.46643,8.0419],[98.46634,8.04168],[98.4663,8.04146],[98.46627,8.04124],[98.46624,8.04101],[98.46622,8.04079],[98.46621,8.04056],[98.4662,8.04034],[98.46618,8.04011],[98.46616,8.03988],[98.46613,8.03964],[98.46613,8.03942],[98.46619,8.03922],[98.46634,8.03904],[98.46653,8.0389],[98.46674,8.03881],[98.46696,8.03878],[98.46719,8.03874],[98.46741,8.03867],[98.46762,8.03859],[98.46783,8.03851],[98.46806,8.03849],[98.46831,8.03851],[98.46853,8.03857],[98.46875,8.03863],[98.46895,8.03873],[98.46913,8.03887],[98.46931,8.03901],[98.46949,8.03915],[98.46966,8.0393],[98.46982,8.03946],[98.46999,8.03962],[98.47013,8.03979],[98.47023,8.03999],[98.4703,8.04021],[98.47034,8.04043],[98.47037,8.04066],[98.47037,8.04089],[98.47031,8.0411],[98.47022,8.04132],[98.47015,8.04153],[98.47009,8.04175],[98.47008,8.04197],[98.47008,8.0422],[98.47009,8.04243],[98.47011,8.04265],[98.47014,8.04288],[98.47018,8.0431],[98.47023,8.04333],[98.47029,8.04355],[98.47037,8.04376],[98.47048,8.04395],[98.47061,8.04413],[98.47076,8.04431],[98.47091,8.04448],[98.47106,8.04465],[98.47123,8.04481],[98.47137,8.04499],[98.47146,8.04519],[98.47152,8.0454],[98.47158,8.04563],[98.47162,8.04585],[98.47164,8.04608],[98.47166,8.04631],[98.47167,8.04653],[98.47165,8.04675],[98.4716,8.04698],[98.47156,8.0472],[98.47151,8.04742],[98.47147,8.04765],[98.47142,8.04787],[98.47137,8.04809],[98.47132,8.04831],[98.47126,8.04853],[98.47119,8.04874],[98.47112,8.04896],[98.47104,8.04917],[98.47097,8.04938],[98.47088,8.04959],[98.4708,8.0498],[98.47071,8.05001],[98.47065,8.05023],[98.47059,8.05045],[98.47055,8.05067],[98.47052,8.0509],[98.47049,8.05112],[98.47047,8.05135],[98.47046,8.05157],[98.47046,8.0518],[98.47046,8.05203],[98.47045,8.05225],[98.47044,8.05248],[98.47042,8.0527],[98.47039,8.05293],[98.47032,8.05314],[98.47024,8.05335],[98.47013,8.05356],[98.47004,8.05376],[98.46995,8.05397],[98.46986,8.05418],[98.46976,8.05438],[98.46967,8.05459],[98.46958,8.0548],[98.4695,8.05501],[98.46941,8.05522],[98.46933,8.05543],[98.46925,8.05564],[98.46917,8.05585],[98.46909,8.05606],[98.469,8.05627],[98.46892,8.05648],[98.46884,8.0567],[98.46877,8.05691],[98.4687,8.05712],[98.46864,8.05734],[98.4686,8.05757],[98.46858,8.05779],[98.46856,8.05802],[98.46856,8.05824],[98.46855,8.05847],[98.46855,8.0587],[98.46855,8.05892],[98.46854,8.05915],[98.46848,8.05937],[98.46832,8.05951],[98.4681,8.0596],[98.46799,8.05976],[98.46801,8.06],[98.46804,8.06023],[98.46806,8.06046],[98.46796,8.06065],[98.46778,8.06079],[98.46757,8.06091],[98.46737,8.06101],[98.46722,8.06117],[98.46716,8.06139],[98.46701,8.06157],[98.46682,8.06169],[98.4666,8.06173],[98.46637,8.06175],[98.46614,8.06175],[98.46591,8.06172],[98.46569,8.06172]]],[[[98.46133,8.03255],[98.46115,8.03267],[98.46093,8.0326],[98.46071,8.03254],[98.46049,8.03251],[98.46026,8.03253],[98.46004,8.03257],[98.45981,8.0326],[98.45963,8.0325],[98.45954,8.03228],[98.4595,8.03206],[98.45947,8.03184],[98.45945,8.03161],[98.45945,8.03138],[98.45946,8.03116],[98.45948,8.03093],[98.4595,8.03071],[98.45952,8.03048],[98.45954,8.03026],[98.45956,8.03003],[98.45958,8.02981],[98.4596,8.02958],[98.45962,8.02936],[98.45965,8.02913],[98.45968,8.0289],[98.45968,8.02868],[98.45966,8.02846],[98.45963,8.02823],[98.45958,8.02801],[98.45954,8.02779],[98.45949,8.02756],[98.45945,8.02734],[98.4594,8.02712],[98.45938,8.0269],[98.45936,8.02667],[98.45935,8.02644],[98.45935,8.02622],[98.45937,8.02599],[98.45941,8.02577],[98.45945,8.02555],[98.4595,8.02533],[98.45956,8.02511],[98.45961,8.02489],[98.45966,8.02467],[98.45972,8.02445],[98.45978,8.02423],[98.45985,8.02402],[98.45993,8.0238],[98.46002,8.02359],[98.46013,8.0234],[98.46026,8.02321],[98.46039,8.02303],[98.46052,8.02284],[98.46078,8.02249],[98.46092,8.02267],[98.46103,8.02286],[98.46108,8.02308],[98.46111,8.02331],[98.46112,8.02354],[98.46112,8.02376],[98.46111,8.02399],[98.46112,8.02421],[98.46122,8.02442],[98.46126,8.02464],[98.46124,8.02487],[98.46122,8.02509],[98.4612,8.02532],[98.46118,8.02555],[98.46119,8.02577],[98.46124,8.02599],[98.46132,8.0262],[98.4614,8.02641],[98.4615,8.02662],[98.46161,8.02681],[98.46172,8.02702],[98.4618,8.02723],[98.46187,8.02744],[98.46191,8.02766],[98.46194,8.02789],[98.46194,8.02811],[98.46193,8.02834],[98.46193,8.02857],[98.46193,8.02879],[98.46193,8.02902],[98.46193,8.02925],[98.46192,8.02947],[98.4619,8.0297],[98.46187,8.02992],[98.4618,8.03014],[98.46172,8.03035],[98.46164,8.03056],[98.46157,8.03078],[98.46152,8.031],[98.46155,8.03122],[98.46158,8.03145],[98.46154,8.03167],[98.46146,8.03188],[98.46139,8.0321],[98.46136,8.03233],[98.46133,8.03255]]]]}}]}